method,cow,kind,level,cbt_mae,heat_disagree,heat_missed
chronos,C01,none,0,4.0429272e-06,0.0,0.0
carry,C01,none,0,4.0429272e-06,0.0,0.0
lgbm_clean,C01,none,0,0.0005133539,0.0,0.0
lgbm_aug,C01,none,0,0.011233843,0.0,0.0
gru_clean,C01,none,0,0.0017955976,0.0,0.0
gru_aug,C01,none,0,0.01775771,0.0,0.0
transformer_clean,C01,none,0,0.0040396014,0.0,0.0
transformer_aug,C01,none,0,0.01701792,0.0,0.0
ssm_clean,C01,none,0,0.008495184,0.0,0.0
ssm_aug,C01,none,0,0.021531064,0.0,0.0
chronos,C01,noise,1,0.007369343,0.0,0.0
carry,C01,noise,1,0.007369343,0.0,0.0
lgbm_clean,C01,noise,1,0.007436084,0.0,0.0
lgbm_aug,C01,noise,1,0.013544784,0.0,0.0
gru_clean,C01,noise,1,0.02793048,0.0,0.0
gru_aug,C01,noise,1,0.019126272,0.0,0.0
transformer_clean,C01,noise,1,0.008216988,0.0,0.0
transformer_aug,C01,noise,1,0.019455804,0.0,0.0
ssm_clean,C01,noise,1,0.011028616,0.0,0.0
ssm_aug,C01,noise,1,0.023289934,0.0,0.0
chronos,C01,noise,2,0.014620137,0.0,0.0
carry,C01,noise,2,0.014620137,0.0,0.0
lgbm_clean,C01,noise,2,0.014395184,0.0,0.0
lgbm_aug,C01,noise,2,0.01734088,0.0,0.0
gru_clean,C01,noise,2,0.10435051,0.004273504273504274,0.5
gru_aug,C01,noise,2,0.022848113,0.0,0.0
transformer_clean,C01,noise,2,0.014896686,0.0,0.0
transformer_aug,C01,noise,2,0.024222007,0.0,0.0
ssm_clean,C01,noise,2,0.016988363,0.0,0.0
ssm_aug,C01,noise,2,0.027112667,0.0,0.0
chronos,C01,noise,3,0.029818593,0.004273504273504274,0.0
carry,C01,noise,3,0.029818593,0.004273504273504274,0.0
lgbm_clean,C01,noise,3,0.044720054,0.004273504273504274,0.0
lgbm_aug,C01,noise,3,0.031310007,0.004273504273504274,0.0
gru_clean,C01,noise,3,0.3671815,0.008547008547008548,1.0
gru_aug,C01,noise,3,0.035167858,0.004273504273504274,0.0
transformer_clean,C01,noise,3,0.029347965,0.004273504273504274,0.0
transformer_aug,C01,noise,3,0.04450221,0.004273504273504274,0.0
ssm_clean,C01,noise,3,0.03128565,0.004273504273504274,0.0
ssm_aug,C01,noise,3,0.040573414,0.004273504273504274,0.0
chronos,C01,noise,4,0.05665321,0.004273504273504274,0.0
carry,C01,noise,4,0.05665321,0.004273504273504274,0.0
lgbm_clean,C01,noise,4,0.29280847,0.008547008547008548,0.5
lgbm_aug,C01,noise,4,0.050698254,0.0,0.0
gru_clean,C01,noise,4,1.0698143,0.008547008547008548,1.0
gru_aug,C01,noise,4,0.05030818,0.0,0.0
transformer_clean,C01,noise,4,0.05829816,0.004273504273504274,0.0
transformer_aug,C01,noise,4,0.07506851,0.0,0.0
ssm_clean,C01,noise,4,0.06272257,0.004273504273504274,0.0
ssm_aug,C01,noise,4,0.064359955,0.0,0.0
chronos,C01,dropout,1,0.0072888266,0.0,0.0
carry,C01,dropout,1,0.0064852787,0.0,0.0
lgbm_clean,C01,dropout,1,0.006870563,0.0,0.0
lgbm_aug,C01,dropout,1,0.014699708,0.0,0.0
gru_clean,C01,dropout,1,0.007984487,0.0,0.0
gru_aug,C01,dropout,1,0.021810027,0.0,0.0
transformer_clean,C01,dropout,1,0.009514181,0.0,0.0
transformer_aug,C01,dropout,1,0.021702595,0.0,0.0
ssm_clean,C01,dropout,1,0.013313848,0.0,0.0
ssm_aug,C01,dropout,1,0.025300866,0.0,0.0
chronos,C01,dropout,2,0.013049574,0.0,0.0
carry,C01,dropout,2,0.0117100775,0.0,0.0
lgbm_clean,C01,dropout,2,0.011958701,0.0,0.0
lgbm_aug,C01,dropout,2,0.019170566,0.0,0.0
gru_clean,C01,dropout,2,0.013080614,0.0,0.0
gru_aug,C01,dropout,2,0.029063119,0.0,0.0
transformer_clean,C01,dropout,2,0.013911158,0.0,0.0
transformer_aug,C01,dropout,2,0.03008999,0.0,0.0
ssm_clean,C01,dropout,2,0.016995536,0.0,0.0
ssm_aug,C01,dropout,2,0.031743318,0.0,0.0
chronos,C01,dropout,3,0.040810168,0.0,0.0
carry,C01,dropout,3,0.0392226,0.0,0.0
lgbm_clean,C01,dropout,3,0.039474864,0.0,0.0
lgbm_aug,C01,dropout,3,0.033389717,0.0,0.0
gru_clean,C01,dropout,3,0.040419422,0.0,0.0
gru_aug,C01,dropout,3,0.049206596,0.0,0.0
transformer_clean,C01,dropout,3,0.040028352,0.0,0.0
transformer_aug,C01,dropout,3,0.05098452,0.0,0.0
ssm_clean,C01,dropout,3,0.041025553,0.0,0.0
ssm_aug,C01,dropout,3,0.05243748,0.0,0.0
chronos,C01,dropout,4,0.056122594,0.004273504273504274,0.5
carry,C01,dropout,4,0.054870818,0.004273504273504274,0.5
lgbm_clean,C01,dropout,4,0.05615257,0.004273504273504274,0.5
lgbm_aug,C01,dropout,4,0.040900353,0.004273504273504274,0.5
gru_clean,C01,dropout,4,0.05454099,0.004273504273504274,0.5
gru_aug,C01,dropout,4,0.05724087,0.004273504273504274,0.5
transformer_clean,C01,dropout,4,0.05443798,0.004273504273504274,0.5
transformer_aug,C01,dropout,4,0.062733136,0.0,0.0
ssm_clean,C01,dropout,4,0.05705023,0.004273504273504274,0.5
ssm_aug,C01,dropout,4,0.062718056,0.0,0.0
chronos,C01,drift,1,0.044360038,0.0,0.0
carry,C01,drift,1,0.044360038,0.0,0.0
lgbm_clean,C01,drift,1,0.044515707,0.0,0.0
lgbm_aug,C01,drift,1,0.03890287,0.0,0.0
gru_clean,C01,drift,1,0.044211805,0.0,0.0
gru_aug,C01,drift,1,0.040350627,0.0,0.0
transformer_clean,C01,drift,1,0.04653978,0.0,0.0
transformer_aug,C01,drift,1,0.047405798,0.0,0.0
ssm_clean,C01,drift,1,0.053155802,0.0,0.0
ssm_aug,C01,drift,1,0.052155077,0.0,0.0
chronos,C01,drift,2,0.0887204,0.004273504273504274,0.0
carry,C01,drift,2,0.0887204,0.004273504273504274,0.0
lgbm_clean,C01,drift,2,0.08877306,0.004273504273504274,0.0
lgbm_aug,C01,drift,2,0.07738717,0.008547008547008548,0.0
gru_clean,C01,drift,2,0.08832904,0.004273504273504274,0.0
gru_aug,C01,drift,2,0.078954615,0.008547008547008548,0.0
transformer_clean,C01,drift,2,0.09017452,0.004273504273504274,0.0
transformer_aug,C01,drift,2,0.08643589,0.008547008547008548,0.0
ssm_clean,C01,drift,2,0.09780933,0.01282051282051282,0.0
ssm_aug,C01,drift,2,0.090943396,0.01282051282051282,0.0
chronos,C01,drift,3,0.17744121,0.02564102564102564,0.0
carry,C01,drift,3,0.17744121,0.02564102564102564,0.0
lgbm_clean,C01,drift,3,0.1773477,0.02564102564102564,0.0
lgbm_aug,C01,drift,3,0.15645438,0.021367521367521368,0.0
gru_clean,C01,drift,3,0.17648533,0.02564102564102564,0.0
gru_aug,C01,drift,3,0.1580793,0.021367521367521368,0.0
transformer_clean,C01,drift,3,0.17753533,0.02564102564102564,0.0
transformer_aug,C01,drift,3,0.16577654,0.021367521367521368,0.0
ssm_clean,C01,drift,3,0.18705837,0.029914529914529916,0.0
ssm_aug,C01,drift,3,0.17116441,0.03418803418803419,0.0
chronos,C01,drift,4,0.35488245,0.1794871794871795,0.0
carry,C01,drift,4,0.35488245,0.1794871794871795,0.0
lgbm_clean,C01,drift,4,0.35452667,0.1752136752136752,0.0
lgbm_aug,C01,drift,4,0.30756724,0.1452991452991453,0.0
gru_clean,C01,drift,4,0.3523291,0.17094017094017094,0.0
gru_aug,C01,drift,4,0.3142534,0.1452991452991453,0.0
transformer_clean,C01,drift,4,0.35240963,0.16666666666666666,0.0
transformer_aug,C01,drift,4,0.32291555,0.14957264957264957,0.0
ssm_clean,C01,drift,4,0.3650057,0.18376068376068377,0.0
ssm_aug,C01,drift,4,0.3328326,0.1581196581196581,0.0
chronos,C01,delay,1,0.013297252,0.0,0.0
carry,C01,delay,1,0.013297252,0.0,0.0
lgbm_clean,C01,delay,1,0.013309414,0.0,0.0
lgbm_aug,C01,delay,1,0.014785033,0.0,0.0
gru_clean,C01,delay,1,0.013875293,0.0,0.0
gru_aug,C01,delay,1,0.018256847,0.0,0.0
transformer_clean,C01,delay,1,0.013493351,0.0,0.0
transformer_aug,C01,delay,1,0.016902272,0.0,0.0
ssm_clean,C01,delay,1,0.014554504,0.0,0.0
ssm_aug,C01,delay,1,0.022585975,0.0,0.0
chronos,C01,delay,2,0.039027303,0.0,0.0
carry,C01,delay,2,0.039027303,0.0,0.0
lgbm_clean,C01,delay,2,0.038982064,0.0,0.0
lgbm_aug,C01,delay,2,0.034913268,0.0,0.0
gru_clean,C01,delay,2,0.03907978,0.0,0.0
gru_aug,C01,delay,2,0.034217004,0.0,0.0
transformer_clean,C01,delay,2,0.038606398,0.0,0.0
transformer_aug,C01,delay,2,0.03355134,0.0,0.0
ssm_clean,C01,delay,2,0.039209332,0.0,0.0
ssm_aug,C01,delay,2,0.03713,0.0,0.0
chronos,C01,delay,3,0.12642834,0.008547008547008548,0.5
carry,C01,delay,3,0.12642834,0.008547008547008548,0.5
lgbm_clean,C01,delay,3,0.1285224,0.008547008547008548,0.5
lgbm_aug,C01,delay,3,0.11280156,0.008547008547008548,0.5
gru_clean,C01,delay,3,0.12584093,0.008547008547008548,0.5
gru_aug,C01,delay,3,0.10987562,0.008547008547008548,0.5
transformer_clean,C01,delay,3,0.12500422,0.008547008547008548,0.5
transformer_aug,C01,delay,3,0.11057412,0.008547008547008548,0.5
ssm_clean,C01,delay,3,0.12626037,0.008547008547008548,0.5
ssm_aug,C01,delay,3,0.10910784,0.008547008547008548,0.5
chronos,C01,delay,4,0.17985784,0.017094017094017096,1.0
carry,C01,delay,4,0.17985784,0.017094017094017096,1.0
lgbm_clean,C01,delay,4,0.18027577,0.017094017094017096,1.0
lgbm_aug,C01,delay,4,0.1627458,0.017094017094017096,1.0
gru_clean,C01,delay,4,0.17873225,0.017094017094017096,1.0
gru_aug,C01,delay,4,0.16101462,0.017094017094017096,1.0
transformer_clean,C01,delay,4,0.17813285,0.017094017094017096,1.0
transformer_aug,C01,delay,4,0.16268536,0.017094017094017096,1.0
ssm_clean,C01,delay,4,0.17919214,0.017094017094017096,1.0
ssm_aug,C01,delay,4,0.15895899,0.017094017094017096,1.0
chronos,C01,failure,1,0.013449482,0.0,0.0
carry,C01,failure,1,0.033731982,0.0,0.0
lgbm_clean,C01,failure,1,0.03423254,0.0,0.0
lgbm_aug,C01,failure,1,0.03614095,0.0,0.0
gru_clean,C01,failure,1,0.0428257,0.0,0.0
gru_aug,C01,failure,1,0.05184413,0.0,0.0
transformer_clean,C01,failure,1,0.03923178,0.0,0.0
transformer_aug,C01,failure,1,0.03742438,0.0,0.0
ssm_clean,C01,failure,1,0.043078218,0.0,0.0
ssm_aug,C01,failure,1,0.039761372,0.0,0.0
chronos,C01,failure,2,0.048612382,0.0,0.0
carry,C01,failure,2,0.09104376,0.0,0.0
lgbm_clean,C01,failure,2,0.09244087,0.0,0.0
lgbm_aug,C01,failure,2,0.060430672,0.0,0.0
gru_clean,C01,failure,2,0.06264514,0.0,0.0
gru_aug,C01,failure,2,0.05718161,0.0,0.0
transformer_clean,C01,failure,2,0.08321048,0.0,0.0
transformer_aug,C01,failure,2,0.0620595,0.0,0.0
ssm_clean,C01,failure,2,0.095653646,0.0,0.0
ssm_aug,C01,failure,2,0.06655461,0.0,0.0
chronos,C01,failure,3,0.09738373,0.0,0.0
carry,C01,failure,3,0.15886623,0.0,0.0
lgbm_clean,C01,failure,3,0.16098472,0.0,0.0
lgbm_aug,C01,failure,3,0.10563234,0.0,0.0
gru_clean,C01,failure,3,0.11193833,0.0,0.0
gru_aug,C01,failure,3,0.11490385,0.0,0.0
transformer_clean,C01,failure,3,0.14080437,0.0,0.0
transformer_aug,C01,failure,3,0.10460327,0.0,0.0
ssm_clean,C01,failure,3,0.15576811,0.0,0.0
ssm_aug,C01,failure,3,0.11998656,0.017094017094017096,0.0
chronos,C01,failure,4,0.14998059,0.008547008547008548,1.0
carry,C01,failure,4,0.14998059,0.008547008547008548,1.0
lgbm_clean,C01,failure,4,0.14715466,0.008547008547008548,1.0
lgbm_aug,C01,failure,4,0.1095906,0.01282051282051282,1.0
gru_clean,C01,failure,4,0.1819388,0.008547008547008548,1.0
gru_aug,C01,failure,4,0.23427778,0.008547008547008548,1.0
transformer_clean,C01,failure,4,0.15347977,0.008547008547008548,1.0
transformer_aug,C01,failure,4,0.14589445,0.008547008547008548,1.0
ssm_clean,C01,failure,4,0.15183033,0.008547008547008548,1.0
ssm_aug,C01,failure,4,0.15424487,0.038461538461538464,1.0
chronos,C01,stuck,1,0.033731982,0.0,0.0
carry,C01,stuck,1,0.033731982,0.0,0.0
lgbm_clean,C01,stuck,1,0.03423254,0.0,0.0
lgbm_aug,C01,stuck,1,0.040976092,0.0,0.0
gru_clean,C01,stuck,1,0.0351114,0.0,0.0
gru_aug,C01,stuck,1,0.04589299,0.0,0.0
transformer_clean,C01,stuck,1,0.03716829,0.0,0.0
transformer_aug,C01,stuck,1,0.045488864,0.0,0.0
ssm_clean,C01,stuck,1,0.042053826,0.0,0.0
ssm_aug,C01,stuck,1,0.049346596,0.0,0.0
chronos,C01,stuck,2,0.09104376,0.0,0.0
carry,C01,stuck,2,0.09104376,0.0,0.0
lgbm_clean,C01,stuck,2,0.09244087,0.0,0.0
lgbm_aug,C01,stuck,2,0.0888435,0.0,0.0
gru_clean,C01,stuck,2,0.09175863,0.0,0.0
gru_aug,C01,stuck,2,0.09309459,0.0,0.0
transformer_clean,C01,stuck,2,0.090916336,0.0,0.0
transformer_aug,C01,stuck,2,0.08961374,0.0,0.0
ssm_clean,C01,stuck,2,0.0945431,0.0,0.0
ssm_aug,C01,stuck,2,0.09179505,0.0,0.0
chronos,C01,stuck,3,0.15886623,0.0,0.0
carry,C01,stuck,3,0.15886623,0.0,0.0
lgbm_clean,C01,stuck,3,0.16098472,0.0,0.0
lgbm_aug,C01,stuck,3,0.15306413,0.0,0.0
gru_clean,C01,stuck,3,0.15853019,0.0,0.0
gru_aug,C01,stuck,3,0.14898774,0.0,0.0
transformer_clean,C01,stuck,3,0.15492837,0.0,0.0
transformer_aug,C01,stuck,3,0.14421257,0.0,0.0
ssm_clean,C01,stuck,3,0.1580105,0.0,0.0
ssm_aug,C01,stuck,3,0.14352962,0.0,0.0
chronos,C01,stuck,4,0.17629272,0.008547008547008548,1.0
carry,C01,stuck,4,0.17629272,0.008547008547008548,1.0
lgbm_clean,C01,stuck,4,0.17617166,0.008547008547008548,1.0
lgbm_aug,C01,stuck,4,0.16546549,0.008547008547008548,1.0
gru_clean,C01,stuck,4,0.17498109,0.008547008547008548,1.0
gru_aug,C01,stuck,4,0.15714729,0.008547008547008548,1.0
transformer_clean,C01,stuck,4,0.17318062,0.008547008547008548,1.0
transformer_aug,C01,stuck,4,0.15328506,0.008547008547008548,1.0
ssm_clean,C01,stuck,4,0.172483,0.008547008547008548,1.0
ssm_aug,C01,stuck,4,0.14662042,0.008547008547008548,1.0
chronos,C02,none,0,4.417876e-06,0.0,0.0
carry,C02,none,0,4.417876e-06,0.0,0.0
lgbm_clean,C02,none,0,0.00053260673,0.0,0.0
lgbm_aug,C02,none,0,0.018927142,0.017094017094017096,0.5
gru_clean,C02,none,0,0.0029106955,0.004273504273504274,0.125
gru_aug,C02,none,0,0.017175348,0.004273504273504274,0.125
transformer_clean,C02,none,0,0.0039131134,0.004273504273504274,0.125
transformer_aug,C02,none,0,0.016240666,0.0,0.0
ssm_clean,C02,none,0,0.008595247,0.008547008547008548,0.0
ssm_aug,C02,none,0,0.016804116,0.008547008547008548,0.0
chronos,C02,noise,1,0.0071910955,0.01282051282051282,0.0
carry,C02,noise,1,0.0071910955,0.01282051282051282,0.0
lgbm_clean,C02,noise,1,0.007181037,0.008547008547008548,0.0
lgbm_aug,C02,noise,1,0.02388206,0.01282051282051282,0.375
gru_clean,C02,noise,1,0.027666923,0.004273504273504274,0.125
gru_aug,C02,noise,1,0.019379118,0.0,0.0
transformer_clean,C02,noise,1,0.007828982,0.004273504273504274,0.0
transformer_aug,C02,noise,1,0.01731152,0.0,0.0
ssm_clean,C02,noise,1,0.010907132,0.017094017094017096,0.0
ssm_aug,C02,noise,1,0.019214582,0.008547008547008548,0.0
chronos,C02,noise,2,0.012641027,0.008547008547008548,0.125
carry,C02,noise,2,0.012641027,0.008547008547008548,0.125
lgbm_clean,C02,noise,2,0.013267419,0.004273504273504274,0.125
lgbm_aug,C02,noise,2,0.028061012,0.021367521367521368,0.625
gru_clean,C02,noise,2,0.10318454,0.021367521367521368,0.625
gru_aug,C02,noise,2,0.02144719,0.004273504273504274,0.125
transformer_clean,C02,noise,2,0.013292981,0.004273504273504274,0.125
transformer_aug,C02,noise,2,0.019898195,0.0,0.0
ssm_clean,C02,noise,2,0.015209247,0.008547008547008548,0.0
ssm_aug,C02,noise,2,0.022188872,0.004273504273504274,0.125
chronos,C02,noise,3,0.026841287,0.008547008547008548,0.125
carry,C02,noise,3,0.026841287,0.008547008547008548,0.125
lgbm_clean,C02,noise,3,0.043453395,0.008547008547008548,0.125
lgbm_aug,C02,noise,3,0.03957331,0.017094017094017096,0.5
gru_clean,C02,noise,3,0.35878557,0.029914529914529916,0.875
gru_aug,C02,noise,3,0.031978462,0.01282051282051282,0.375
transformer_clean,C02,noise,3,0.026370041,0.008547008547008548,0.125
transformer_aug,C02,noise,3,0.03386057,0.008547008547008548,0.25
ssm_clean,C02,noise,3,0.028002616,0.01282051282051282,0.0
ssm_aug,C02,noise,3,0.034754403,0.008547008547008548,0.125
chronos,C02,noise,4,0.054346524,0.017094017094017096,0.125
carry,C02,noise,4,0.054346524,0.017094017094017096,0.125
lgbm_clean,C02,noise,4,0.25205752,0.01282051282051282,0.125
lgbm_aug,C02,noise,4,0.055434644,0.017094017094017096,0.5
gru_clean,C02,noise,4,1.06749,0.03418803418803419,1.0
gru_aug,C02,noise,4,0.053629737,0.01282051282051282,0.375
transformer_clean,C02,noise,4,0.055327114,0.017094017094017096,0.125
transformer_aug,C02,noise,4,0.06666149,0.008547008547008548,0.25
ssm_clean,C02,noise,4,0.05944798,0.029914529914529916,0.125
ssm_aug,C02,noise,4,0.050045583,0.008547008547008548,0.125
chronos,C02,dropout,1,0.008502634,0.0,0.0
carry,C02,dropout,1,0.009129157,0.0,0.0
lgbm_clean,C02,dropout,1,0.009537738,0.0,0.0
lgbm_aug,C02,dropout,1,0.02247918,0.017094017094017096,0.5
gru_clean,C02,dropout,1,0.010851347,0.004273504273504274,0.125
gru_aug,C02,dropout,1,0.022146208,0.004273504273504274,0.125
transformer_clean,C02,dropout,1,0.011922591,0.004273504273504274,0.125
transformer_aug,C02,dropout,1,0.021644657,0.0,0.0
ssm_clean,C02,dropout,1,0.015740272,0.008547008547008548,0.0
ssm_aug,C02,dropout,1,0.021232523,0.008547008547008548,0.0
chronos,C02,dropout,2,0.01722432,0.004273504273504274,0.0
carry,C02,dropout,2,0.01645212,0.01282051282051282,0.125
lgbm_clean,C02,dropout,2,0.016882155,0.01282051282051282,0.125
lgbm_aug,C02,dropout,2,0.02573403,0.01282051282051282,0.375
gru_clean,C02,dropout,2,0.018884528,0.01282051282051282,0.125
gru_aug,C02,dropout,2,0.026319668,0.004273504273504274,0.125
transformer_clean,C02,dropout,2,0.019426884,0.01282051282051282,0.125
transformer_aug,C02,dropout,2,0.02648735,0.0,0.0
ssm_clean,C02,dropout,2,0.021164462,0.01282051282051282,0.0
ssm_aug,C02,dropout,2,0.024170492,0.004273504273504274,0.0
chronos,C02,dropout,3,0.056380183,0.03418803418803419,0.375
carry,C02,dropout,3,0.05646921,0.038461538461538464,0.375
lgbm_clean,C02,dropout,3,0.05773877,0.029914529914529916,0.375
lgbm_aug,C02,dropout,3,0.04981727,0.02564102564102564,0.625
gru_clean,C02,dropout,3,0.056158718,0.038461538461538464,0.375
gru_aug,C02,dropout,3,0.05101155,0.02564102564102564,0.5
transformer_clean,C02,dropout,3,0.05689101,0.038461538461538464,0.375
transformer_aug,C02,dropout,3,0.04998522,0.029914529914529916,0.625
ssm_clean,C02,dropout,3,0.060337245,0.038461538461538464,0.375
ssm_aug,C02,dropout,3,0.047977775,0.029914529914529916,0.375
chronos,C02,dropout,4,0.08168167,0.021367521367521368,0.25
carry,C02,dropout,4,0.07519999,0.01282051282051282,0.125
lgbm_clean,C02,dropout,4,0.076180615,0.01282051282051282,0.125
lgbm_aug,C02,dropout,4,0.056117374,0.01282051282051282,0.375
gru_clean,C02,dropout,4,0.07567047,0.01282051282051282,0.125
gru_aug,C02,dropout,4,0.06420944,0.017094017094017096,0.5
transformer_clean,C02,dropout,4,0.075460285,0.01282051282051282,0.125
transformer_aug,C02,dropout,4,0.06303256,0.017094017094017096,0.5
ssm_clean,C02,dropout,4,0.0775743,0.017094017094017096,0.125
ssm_aug,C02,dropout,4,0.05815845,0.008547008547008548,0.25
chronos,C02,drift,1,0.044360902,0.017094017094017096,0.0
carry,C02,drift,1,0.044360902,0.017094017094017096,0.0
lgbm_clean,C02,drift,1,0.04434677,0.021367521367521368,0.0
lgbm_aug,C02,drift,1,0.02840453,0.01282051282051282,0.125
gru_clean,C02,drift,1,0.043279532,0.017094017094017096,0.0
gru_aug,C02,drift,1,0.033979774,0.008547008547008548,0.0
transformer_clean,C02,drift,1,0.044850115,0.017094017094017096,0.0
transformer_aug,C02,drift,1,0.038243953,0.008547008547008548,0.0
ssm_clean,C02,drift,1,0.053257085,0.021367521367521368,0.0
ssm_aug,C02,drift,1,0.0481316,0.008547008547008548,0.0
chronos,C02,drift,2,0.08872146,0.042735042735042736,0.0
carry,C02,drift,2,0.08872146,0.042735042735042736,0.0
lgbm_clean,C02,drift,2,0.088582635,0.042735042735042736,0.0
lgbm_aug,C02,drift,2,0.059873484,0.017094017094017096,0.0
gru_clean,C02,drift,2,0.08713574,0.042735042735042736,0.0
gru_aug,C02,drift,2,0.06886991,0.017094017094017096,0.0
transformer_clean,C02,drift,2,0.0885084,0.042735042735042736,0.0
transformer_aug,C02,drift,2,0.075455084,0.029914529914529916,0.0
ssm_clean,C02,drift,2,0.09788176,0.0641025641025641,0.0
ssm_aug,C02,drift,2,0.08692409,0.04700854700854701,0.0
chronos,C02,drift,3,0.17744184,0.14102564102564102,0.0
carry,C02,drift,3,0.17744184,0.14102564102564102,0.0
lgbm_clean,C02,drift,3,0.17678405,0.14102564102564102,0.0
lgbm_aug,C02,drift,3,0.13073243,0.05128205128205128,0.0
gru_clean,C02,drift,3,0.17479146,0.13675213675213677,0.0
gru_aug,C02,drift,3,0.14310281,0.06837606837606838,0.0
transformer_clean,C02,drift,3,0.17580783,0.13675213675213677,0.0
transformer_aug,C02,drift,3,0.15174744,0.0811965811965812,0.0
ssm_clean,C02,drift,3,0.1869893,0.14957264957264957,0.0
ssm_aug,C02,drift,3,0.16408151,0.11538461538461539,0.0
chronos,C02,drift,4,0.3548833,0.32905982905982906,0.0
carry,C02,drift,4,0.3548833,0.32905982905982906,0.0
lgbm_clean,C02,drift,4,0.3517405,0.3333333333333333,0.0
lgbm_aug,C02,drift,4,0.2598218,0.20512820512820512,0.125
gru_clean,C02,drift,4,0.34932566,0.32051282051282054,0.0
gru_aug,C02,drift,4,0.286156,0.23931623931623933,0.0
transformer_clean,C02,drift,4,0.34998542,0.3162393162393162,0.0
transformer_aug,C02,drift,4,0.30128238,0.25213675213675213,0.0
ssm_clean,C02,drift,4,0.3644135,0.3504273504273504,0.0
ssm_aug,C02,drift,4,0.313742,0.27350427350427353,0.0
chronos,C02,delay,1,0.017399421,0.01282051282051282,0.125
carry,C02,delay,1,0.017399421,0.01282051282051282,0.125
lgbm_clean,C02,delay,1,0.017493224,0.01282051282051282,0.125
lgbm_aug,C02,delay,1,0.022492155,0.01282051282051282,0.375
gru_clean,C02,delay,1,0.018396802,0.01282051282051282,0.125
gru_aug,C02,delay,1,0.023421882,0.01282051282051282,0.25
transformer_clean,C02,delay,1,0.018008681,0.01282051282051282,0.125
transformer_aug,C02,delay,1,0.020328343,0.01282051282051282,0.25
ssm_clean,C02,delay,1,0.019323839,0.021367521367521368,0.125
ssm_aug,C02,delay,1,0.021532157,0.008547008547008548,0.125
chronos,C02,delay,2,0.051042035,0.029914529914529916,0.25
carry,C02,delay,2,0.051042035,0.029914529914529916,0.25
lgbm_clean,C02,delay,2,0.051464863,0.029914529914529916,0.25
lgbm_aug,C02,delay,2,0.04746336,0.017094017094017096,0.375
gru_clean,C02,delay,2,0.051591385,0.029914529914529916,0.25
gru_aug,C02,delay,2,0.049528006,0.01282051282051282,0.25
transformer_clean,C02,delay,2,0.051228564,0.029914529914529916,0.25
transformer_aug,C02,delay,2,0.04673894,0.02564102564102564,0.25
ssm_clean,C02,delay,2,0.052205436,0.029914529914529916,0.25
ssm_aug,C02,delay,2,0.047081824,0.029914529914529916,0.25
chronos,C02,delay,3,0.17863324,0.05128205128205128,0.75
carry,C02,delay,3,0.17863324,0.05128205128205128,0.75
lgbm_clean,C02,delay,3,0.18228434,0.05128205128205128,0.75
lgbm_aug,C02,delay,3,0.16060676,0.04700854700854701,0.875
gru_clean,C02,delay,3,0.17802657,0.05555555555555555,0.875
gru_aug,C02,delay,3,0.16101658,0.04700854700854701,0.875
transformer_clean,C02,delay,3,0.1776356,0.05555555555555555,0.875
transformer_aug,C02,delay,3,0.16152644,0.05128205128205128,0.875
ssm_clean,C02,delay,3,0.17917708,0.06837606837606838,0.75
ssm_aug,C02,delay,3,0.15898791,0.05128205128205128,0.875
chronos,C02,delay,4,0.24813546,0.05982905982905983,0.875
carry,C02,delay,4,0.24813546,0.05982905982905983,0.875
lgbm_clean,C02,delay,4,0.24815486,0.05982905982905983,0.875
lgbm_aug,C02,delay,4,0.22512926,0.042735042735042736,0.875
gru_clean,C02,delay,4,0.2464119,0.05555555555555555,0.875
gru_aug,C02,delay,4,0.21938208,0.042735042735042736,0.875
transformer_clean,C02,delay,4,0.24605612,0.05555555555555555,0.875
transformer_aug,C02,delay,4,0.22158149,0.04700854700854701,0.875
ssm_clean,C02,delay,4,0.24875398,0.0641025641025641,0.75
ssm_aug,C02,delay,4,0.22029847,0.05555555555555555,0.75
chronos,C02,failure,1,0.027436297,0.004273504273504274,0.125
carry,C02,failure,1,0.029117715,0.004273504273504274,0.125
lgbm_clean,C02,failure,1,0.029535668,0.004273504273504274,0.125
lgbm_aug,C02,failure,1,0.035762526,0.021367521367521368,0.625
gru_clean,C02,failure,1,0.034411635,0.008547008547008548,0.25
gru_aug,C02,failure,1,0.036673196,0.008547008547008548,0.25
transformer_clean,C02,failure,1,0.033222966,0.008547008547008548,0.25
transformer_aug,C02,failure,1,0.034552533,0.004273504273504274,0.125
ssm_clean,C02,failure,1,0.036570363,0.01282051282051282,0.125
ssm_aug,C02,failure,1,0.03354754,0.01282051282051282,0.125
chronos,C02,failure,2,0.0676873,0.004273504273504274,0.125
carry,C02,failure,2,0.07068587,0.004273504273504274,0.125
lgbm_clean,C02,failure,2,0.07094515,0.004273504273504274,0.125
lgbm_aug,C02,failure,2,0.06717778,0.021367521367521368,0.625
gru_clean,C02,failure,2,0.0689881,0.008547008547008548,0.25
gru_aug,C02,failure,2,0.060831152,0.008547008547008548,0.25
transformer_clean,C02,failure,2,0.071441785,0.008547008547008548,0.25
transformer_aug,C02,failure,2,0.05858713,0.004273504273504274,0.125
ssm_clean,C02,failure,2,0.07489043,0.01282051282051282,0.125
ssm_aug,C02,failure,2,0.05296259,0.01282051282051282,0.125
chronos,C02,failure,3,0.1351113,0.01282051282051282,0.375
carry,C02,failure,3,0.15818016,0.01282051282051282,0.375
lgbm_clean,C02,failure,3,0.15819496,0.01282051282051282,0.375
lgbm_aug,C02,failure,3,0.12218994,0.02564102564102564,0.75
gru_clean,C02,failure,3,0.14151363,0.017094017094017096,0.5
gru_aug,C02,failure,3,0.115188465,0.017094017094017096,0.5
transformer_clean,C02,failure,3,0.15218301,0.017094017094017096,0.5
transformer_aug,C02,failure,3,0.110507786,0.01282051282051282,0.375
ssm_clean,C02,failure,3,0.15665326,0.017094017094017096,0.375
ssm_aug,C02,failure,3,0.10421381,0.017094017094017096,0.375
chronos,C02,failure,4,0.20361799,0.03418803418803419,1.0
carry,C02,failure,4,0.20361799,0.03418803418803419,1.0
lgbm_clean,C02,failure,4,0.20719185,0.03418803418803419,1.0
lgbm_aug,C02,failure,4,0.14405635,0.03418803418803419,1.0
gru_clean,C02,failure,4,0.20556669,0.03418803418803419,1.0
gru_aug,C02,failure,4,0.1651853,0.03418803418803419,1.0
transformer_clean,C02,failure,4,0.20177153,0.03418803418803419,1.0
transformer_aug,C02,failure,4,0.14792876,0.03418803418803419,1.0
ssm_clean,C02,failure,4,0.2006739,0.03418803418803419,1.0
ssm_aug,C02,failure,4,0.15398143,0.03418803418803419,1.0
chronos,C02,stuck,1,0.029117715,0.004273504273504274,0.125
carry,C02,stuck,1,0.029117715,0.004273504273504274,0.125
lgbm_clean,C02,stuck,1,0.029535668,0.004273504273504274,0.125
lgbm_aug,C02,stuck,1,0.041647725,0.021367521367521368,0.625
gru_clean,C02,stuck,1,0.03143454,0.008547008547008548,0.25
gru_aug,C02,stuck,1,0.04136462,0.008547008547008548,0.25
transformer_clean,C02,stuck,1,0.032376427,0.008547008547008548,0.25
transformer_aug,C02,stuck,1,0.0405322,0.004273504273504274,0.125
ssm_clean,C02,stuck,1,0.036726978,0.01282051282051282,0.125
ssm_aug,C02,stuck,1,0.041360658,0.01282051282051282,0.125
chronos,C02,stuck,2,0.07068587,0.004273504273504274,0.125
carry,C02,stuck,2,0.07068587,0.004273504273504274,0.125
lgbm_clean,C02,stuck,2,0.07094515,0.004273504273504274,0.125
lgbm_aug,C02,stuck,2,0.07839208,0.021367521367521368,0.625
gru_clean,C02,stuck,2,0.07232006,0.008547008547008548,0.25
gru_aug,C02,stuck,2,0.075843,0.008547008547008548,0.25
transformer_clean,C02,stuck,2,0.07293419,0.008547008547008548,0.25
transformer_aug,C02,stuck,2,0.07423316,0.004273504273504274,0.125
ssm_clean,C02,stuck,2,0.07554511,0.01282051282051282,0.125
ssm_aug,C02,stuck,2,0.073648095,0.01282051282051282,0.125
chronos,C02,stuck,3,0.15818016,0.01282051282051282,0.375
carry,C02,stuck,3,0.15818016,0.01282051282051282,0.375
lgbm_clean,C02,stuck,3,0.15819496,0.01282051282051282,0.375
lgbm_aug,C02,stuck,3,0.1569789,0.02564102564102564,0.75
gru_clean,C02,stuck,3,0.15857205,0.017094017094017096,0.5
gru_aug,C02,stuck,3,0.14960465,0.017094017094017096,0.5
transformer_clean,C02,stuck,3,0.15798621,0.017094017094017096,0.5
transformer_aug,C02,stuck,3,0.14768213,0.01282051282051282,0.375
ssm_clean,C02,stuck,3,0.15877548,0.017094017094017096,0.375
ssm_aug,C02,stuck,3,0.14463124,0.017094017094017096,0.375
chronos,C02,stuck,4,0.24928351,0.03418803418803419,1.0
carry,C02,stuck,4,0.24928351,0.03418803418803419,1.0
lgbm_clean,C02,stuck,4,0.24871063,0.03418803418803419,1.0
lgbm_aug,C02,stuck,4,0.2360947,0.03418803418803419,1.0
gru_clean,C02,stuck,4,0.24816664,0.03418803418803419,1.0
gru_aug,C02,stuck,4,0.22500399,0.03418803418803419,1.0
transformer_clean,C02,stuck,4,0.24664669,0.03418803418803419,1.0
transformer_aug,C02,stuck,4,0.22090155,0.03418803418803419,1.0
ssm_clean,C02,stuck,4,0.24573186,0.03418803418803419,1.0
ssm_aug,C02,stuck,4,0.21420766,0.03418803418803419,1.0
chronos,C03,none,0,4.026625e-06,0.0,0.0
carry,C03,none,0,4.026625e-06,0.0,0.0
lgbm_clean,C03,none,0,0.0007213201,0.0,0.0
lgbm_aug,C03,none,0,0.010856351,0.0,0.0
gru_clean,C03,none,0,0.003503343,0.0,0.0
gru_aug,C03,none,0,0.016137261,0.0,0.0
transformer_clean,C03,none,0,0.0049593346,0.0,0.0
transformer_aug,C03,none,0,0.018319497,0.004273504273504274,0.5
ssm_clean,C03,none,0,0.007202719,0.0,0.0
ssm_aug,C03,none,0,0.013481385,0.0,0.0
chronos,C03,noise,1,0.0071602194,0.0,0.0
carry,C03,noise,1,0.0071602194,0.0,0.0
lgbm_clean,C03,noise,1,0.0073190997,0.0,0.0
lgbm_aug,C03,noise,1,0.01328739,0.0,0.0
gru_clean,C03,noise,1,0.02720815,0.004273504273504274,0.5
gru_aug,C03,noise,1,0.017446566,0.0,0.0
transformer_clean,C03,noise,1,0.0082578575,0.0,0.0
transformer_aug,C03,noise,1,0.019755404,0.004273504273504274,0.5
ssm_clean,C03,noise,1,0.009596018,0.0,0.0
ssm_aug,C03,noise,1,0.01610086,0.004273504273504274,0.0
chronos,C03,noise,2,0.013669283,0.0,0.0
carry,C03,noise,2,0.013669283,0.0,0.0
lgbm_clean,C03,noise,2,0.014209242,0.0,0.0
lgbm_aug,C03,noise,2,0.016440107,0.0,0.0
gru_clean,C03,noise,2,0.103942625,0.008547008547008548,1.0
gru_aug,C03,noise,2,0.03035265,0.0,0.0
transformer_clean,C03,noise,2,0.014760873,0.0,0.0
transformer_aug,C03,noise,2,0.024742778,0.008547008547008548,0.5
ssm_clean,C03,noise,2,0.015762525,0.004273504273504274,0.0
ssm_aug,C03,noise,2,0.021156376,0.004273504273504274,0.0
chronos,C03,noise,3,0.028574415,0.004273504273504274,0.0
carry,C03,noise,3,0.028574415,0.004273504273504274,0.0
lgbm_clean,C03,noise,3,0.05749251,0.004273504273504274,0.0
lgbm_aug,C03,noise,3,0.03159391,0.004273504273504274,0.0
gru_clean,C03,noise,3,0.37268057,0.008547008547008548,1.0
gru_aug,C03,noise,3,0.1287084,0.008547008547008548,1.0
transformer_clean,C03,noise,3,0.029303428,0.004273504273504274,0.0
transformer_aug,C03,noise,3,0.035255823,0.008547008547008548,0.5
ssm_clean,C03,noise,3,0.029992323,0.004273504273504274,0.0
ssm_aug,C03,noise,3,0.033953562,0.004273504273504274,0.0
chronos,C03,noise,4,0.0549194,0.008547008547008548,0.5
carry,C03,noise,4,0.0549194,0.008547008547008548,0.5
lgbm_clean,C03,noise,4,0.29775447,0.004273504273504274,0.5
lgbm_aug,C03,noise,4,0.09107326,0.008547008547008548,0.5
gru_clean,C03,noise,4,1.0815828,0.008547008547008548,1.0
gru_aug,C03,noise,4,0.48995516,0.008547008547008548,1.0
transformer_clean,C03,noise,4,0.056468297,0.008547008547008548,0.5
transformer_aug,C03,noise,4,0.054196984,0.008547008547008548,0.5
ssm_clean,C03,noise,4,0.06450531,0.004273504273504274,0.0
ssm_aug,C03,noise,4,0.06825591,0.008547008547008548,0.0
chronos,C03,dropout,1,0.012584393,0.0,0.0
carry,C03,dropout,1,0.012756152,0.0,0.0
lgbm_clean,C03,dropout,1,0.0133797405,0.0,0.0
lgbm_aug,C03,dropout,1,0.01810938,0.0,0.0
gru_clean,C03,dropout,1,0.015890382,0.0,0.0
gru_aug,C03,dropout,1,0.024057224,0.0,0.0
transformer_clean,C03,dropout,1,0.016569676,0.0,0.0
transformer_aug,C03,dropout,1,0.025666669,0.004273504273504274,0.5
ssm_clean,C03,dropout,1,0.018289713,0.0,0.0
ssm_aug,C03,dropout,1,0.020948214,0.0,0.0
chronos,C03,dropout,2,0.022157425,0.0,0.0
carry,C03,dropout,2,0.026930425,0.0,0.0
lgbm_clean,C03,dropout,2,0.027367143,0.0,0.0
lgbm_aug,C03,dropout,2,0.02899033,0.0,0.0
gru_clean,C03,dropout,2,0.029026993,0.0,0.0
gru_aug,C03,dropout,2,0.03311472,0.004273504273504274,0.5
transformer_clean,C03,dropout,2,0.029449658,0.0,0.0
transformer_aug,C03,dropout,2,0.034332193,0.004273504273504274,0.5
ssm_clean,C03,dropout,2,0.031602614,0.0,0.0
ssm_aug,C03,dropout,2,0.03073306,0.004273504273504274,0.5
chronos,C03,dropout,3,0.050569028,0.004273504273504274,0.5
carry,C03,dropout,3,0.057548996,0.004273504273504274,0.5
lgbm_clean,C03,dropout,3,0.057790756,0.004273504273504274,0.5
lgbm_aug,C03,dropout,3,0.04111926,0.004273504273504274,0.5
gru_clean,C03,dropout,3,0.0580788,0.004273504273504274,0.5
gru_aug,C03,dropout,3,0.051707033,0.008547008547008548,0.5
transformer_clean,C03,dropout,3,0.057372607,0.004273504273504274,0.5
transformer_aug,C03,dropout,3,0.05200989,0.008547008547008548,0.5
ssm_clean,C03,dropout,3,0.06004169,0.0,0.0
ssm_aug,C03,dropout,3,0.0495388,0.004273504273504274,0.5
chronos,C03,dropout,4,0.07980809,0.004273504273504274,0.0
carry,C03,dropout,4,0.082827985,0.004273504273504274,0.0
lgbm_clean,C03,dropout,4,0.0828408,0.004273504273504274,0.0
lgbm_aug,C03,dropout,4,0.05453817,0.004273504273504274,0.0
gru_clean,C03,dropout,4,0.08283778,0.004273504273504274,0.0
gru_aug,C03,dropout,4,0.07399652,0.008547008547008548,0.5
transformer_clean,C03,dropout,4,0.082388006,0.004273504273504274,0.0
transformer_aug,C03,dropout,4,0.07312459,0.008547008547008548,0.5
ssm_clean,C03,dropout,4,0.08491102,0.004273504273504274,0.0
ssm_aug,C03,dropout,4,0.0728952,0.008547008547008548,0.5
chronos,C03,drift,1,0.044360887,0.004273504273504274,0.0
carry,C03,drift,1,0.044360887,0.004273504273504274,0.0
lgbm_clean,C03,drift,1,0.044574868,0.004273504273504274,0.0
lgbm_aug,C03,drift,1,0.040012293,0.004273504273504274,0.0
gru_clean,C03,drift,1,0.046198852,0.004273504273504274,0.0
gru_aug,C03,drift,1,0.050046854,0.004273504273504274,0.0
transformer_clean,C03,drift,1,0.048736963,0.004273504273504274,0.0
transformer_aug,C03,drift,1,0.047918696,0.004273504273504274,0.0
ssm_clean,C03,drift,1,0.051944554,0.004273504273504274,0.0
ssm_aug,C03,drift,1,0.051679578,0.004273504273504274,0.0
chronos,C03,drift,2,0.08872109,0.008547008547008548,0.0
carry,C03,drift,2,0.08872109,0.008547008547008548,0.0
lgbm_clean,C03,drift,2,0.08886546,0.008547008547008548,0.0
lgbm_aug,C03,drift,2,0.08167836,0.01282051282051282,0.0
gru_clean,C03,drift,2,0.090200216,0.01282051282051282,0.0
gru_aug,C03,drift,2,0.09079169,0.01282051282051282,0.0
transformer_clean,C03,drift,2,0.092737265,0.008547008547008548,0.0
transformer_aug,C03,drift,2,0.08698753,0.004273504273504274,0.0
ssm_clean,C03,drift,2,0.09668991,0.017094017094017096,0.0
ssm_aug,C03,drift,2,0.09324245,0.008547008547008548,0.0
chronos,C03,drift,3,0.17744173,0.05128205128205128,0.0
carry,C03,drift,3,0.17744173,0.05128205128205128,0.0
lgbm_clean,C03,drift,3,0.17747225,0.05128205128205128,0.0
lgbm_aug,C03,drift,3,0.16476679,0.04700854700854701,0.0
gru_clean,C03,drift,3,0.17826758,0.05128205128205128,0.0
gru_aug,C03,drift,3,0.17285383,0.04700854700854701,0.0
transformer_clean,C03,drift,3,0.180544,0.04700854700854701,0.0
transformer_aug,C03,drift,3,0.16664869,0.042735042735042736,0.0
ssm_clean,C03,drift,3,0.18613352,0.05555555555555555,0.0
ssm_aug,C03,drift,3,0.17624938,0.04700854700854701,0.0
chronos,C03,drift,4,0.35488325,0.20512820512820512,0.0
carry,C03,drift,4,0.35488325,0.20512820512820512,0.0
lgbm_clean,C03,drift,4,0.35469022,0.19658119658119658,0.0
lgbm_aug,C03,drift,4,0.32902655,0.18803418803418803,0.0
gru_clean,C03,drift,4,0.35440078,0.20512820512820512,0.0
gru_aug,C03,drift,4,0.33771238,0.19658119658119658,0.0
transformer_clean,C03,drift,4,0.35518026,0.20512820512820512,0.0
transformer_aug,C03,drift,4,0.32832867,0.18376068376068377,0.0
ssm_clean,C03,drift,4,0.3644925,0.2094017094017094,0.0
ssm_aug,C03,drift,4,0.34061444,0.19230769230769232,0.0
chronos,C03,delay,1,0.018451136,0.0,0.0
carry,C03,delay,1,0.018451136,0.0,0.0
lgbm_clean,C03,delay,1,0.018583314,0.0,0.0
lgbm_aug,C03,delay,1,0.020762566,0.0,0.0
gru_clean,C03,delay,1,0.019563904,0.0,0.0
gru_aug,C03,delay,1,0.026060544,0.0,0.0
transformer_clean,C03,delay,1,0.018212164,0.0,0.0
transformer_aug,C03,delay,1,0.024485515,0.004273504273504274,0.5
ssm_clean,C03,delay,1,0.019345455,0.0,0.0
ssm_aug,C03,delay,1,0.022805156,0.0,0.0
chronos,C03,delay,2,0.05339055,0.004273504273504274,0.0
carry,C03,delay,2,0.05339055,0.004273504273504274,0.0
lgbm_clean,C03,delay,2,0.053435512,0.004273504273504274,0.0
lgbm_aug,C03,delay,2,0.050308425,0.004273504273504274,0.0
gru_clean,C03,delay,2,0.054115947,0.004273504273504274,0.0
gru_aug,C03,delay,2,0.053918578,0.008547008547008548,0.5
transformer_clean,C03,delay,2,0.05265831,0.004273504273504274,0.0
transformer_aug,C03,delay,2,0.04965888,0.008547008547008548,0.5
ssm_clean,C03,delay,2,0.05371829,0.004273504273504274,0.0
ssm_aug,C03,delay,2,0.05293385,0.004273504273504274,0.0
chronos,C03,delay,3,0.18791044,0.017094017094017096,1.0
carry,C03,delay,3,0.18791044,0.017094017094017096,1.0
lgbm_clean,C03,delay,3,0.18761216,0.017094017094017096,1.0
lgbm_aug,C03,delay,3,0.17153808,0.01282051282051282,1.0
gru_clean,C03,delay,3,0.18790492,0.017094017094017096,1.0
gru_aug,C03,delay,3,0.17153546,0.01282051282051282,1.0
transformer_clean,C03,delay,3,0.18722644,0.017094017094017096,1.0
transformer_aug,C03,delay,3,0.16541997,0.01282051282051282,1.0
ssm_clean,C03,delay,3,0.18881342,0.01282051282051282,0.5
ssm_aug,C03,delay,3,0.17489661,0.01282051282051282,1.0
chronos,C03,delay,4,0.19557923,0.017094017094017096,1.0
carry,C03,delay,4,0.19557923,0.017094017094017096,1.0
lgbm_clean,C03,delay,4,0.1954005,0.017094017094017096,1.0
lgbm_aug,C03,delay,4,0.17856567,0.017094017094017096,1.0
gru_clean,C03,delay,4,0.19449398,0.017094017094017096,1.0
gru_aug,C03,delay,4,0.17901956,0.017094017094017096,1.0
transformer_clean,C03,delay,4,0.19495332,0.017094017094017096,1.0
transformer_aug,C03,delay,4,0.17738461,0.017094017094017096,1.0
ssm_clean,C03,delay,4,0.1962881,0.017094017094017096,1.0
ssm_aug,C03,delay,4,0.18382592,0.017094017094017096,1.0
chronos,C03,failure,1,0.020026475,0.0,0.0
carry,C03,failure,1,0.023571862,0.0,0.0
lgbm_clean,C03,failure,1,0.024129232,0.0,0.0
lgbm_aug,C03,failure,1,0.026477797,0.0,0.0
gru_clean,C03,failure,1,0.022159772,0.0,0.0
gru_aug,C03,failure,1,0.030029526,0.0,0.0
transformer_clean,C03,failure,1,0.025888361,0.0,0.0
transformer_aug,C03,failure,1,0.03102014,0.004273504273504274,0.5
ssm_clean,C03,failure,1,0.028091267,0.0,0.0
ssm_aug,C03,failure,1,0.02973938,0.0,0.0
chronos,C03,failure,2,0.053686842,0.0,0.0
carry,C03,failure,2,0.064998984,0.0,0.0
lgbm_clean,C03,failure,2,0.06559336,0.0,0.0
lgbm_aug,C03,failure,2,0.043959267,0.0,0.0
gru_clean,C03,failure,2,0.08873263,0.0,0.0
gru_aug,C03,failure,2,0.059528466,0.0,0.0
transformer_clean,C03,failure,2,0.074730866,0.0,0.0
transformer_aug,C03,failure,2,0.056854263,0.004273504273504274,0.5
ssm_clean,C03,failure,2,0.07899825,0.0,0.0
ssm_aug,C03,failure,2,0.049850073,0.0,0.0
chronos,C03,failure,3,0.112034135,0.004273504273504274,0.5
carry,C03,failure,3,0.11443963,0.004273504273504274,0.5
lgbm_clean,C03,failure,3,0.11451064,0.004273504273504274,0.5
lgbm_aug,C03,failure,3,0.08474766,0.004273504273504274,0.5
gru_clean,C03,failure,3,0.13116874,0.004273504273504274,0.5
gru_aug,C03,failure,3,0.1038238,0.004273504273504274,0.5
transformer_clean,C03,failure,3,0.11852271,0.004273504273504274,0.5
transformer_aug,C03,failure,3,0.10190424,0.004273504273504274,0.5
ssm_clean,C03,failure,3,0.11889153,0.004273504273504274,0.5
ssm_aug,C03,failure,3,0.10594655,0.004273504273504274,0.5
chronos,C03,failure,4,0.16502884,0.008547008547008548,1.0
carry,C03,failure,4,0.16502884,0.008547008547008548,1.0
lgbm_clean,C03,failure,4,0.16363782,0.008547008547008548,1.0
lgbm_aug,C03,failure,4,0.13420568,0.01282051282051282,0.0
gru_clean,C03,failure,4,0.20664155,0.008547008547008548,1.0
gru_aug,C03,failure,4,0.1378333,0.008547008547008548,1.0
transformer_clean,C03,failure,4,0.17370419,0.008547008547008548,1.0
transformer_aug,C03,failure,4,0.13574211,0.008547008547008548,1.0
ssm_clean,C03,failure,4,0.17858018,0.008547008547008548,1.0
ssm_aug,C03,failure,4,0.14389814,0.004273504273504274,0.5
chronos,C03,stuck,1,0.023571862,0.0,0.0
carry,C03,stuck,1,0.023571862,0.0,0.0
lgbm_clean,C03,stuck,1,0.024129232,0.0,0.0
lgbm_aug,C03,stuck,1,0.025750853,0.0,0.0
gru_clean,C03,stuck,1,0.02650463,0.0,0.0
gru_aug,C03,stuck,1,0.033544917,0.0,0.0
transformer_clean,C03,stuck,1,0.027401932,0.0,0.0
transformer_aug,C03,stuck,1,0.034301285,0.004273504273504274,0.5
ssm_clean,C03,stuck,1,0.029395862,0.0,0.0
ssm_aug,C03,stuck,1,0.03263943,0.0,0.0
chronos,C03,stuck,2,0.064998984,0.0,0.0
carry,C03,stuck,2,0.064998984,0.0,0.0
lgbm_clean,C03,stuck,2,0.06559336,0.0,0.0
lgbm_aug,C03,stuck,2,0.06871616,0.0,0.0
gru_clean,C03,stuck,2,0.06747751,0.0,0.0
gru_aug,C03,stuck,2,0.073259436,0.0,0.0
transformer_clean,C03,stuck,2,0.06877246,0.0,0.0
transformer_aug,C03,stuck,2,0.07341282,0.004273504273504274,0.5
ssm_clean,C03,stuck,2,0.071086705,0.0,0.0
ssm_aug,C03,stuck,2,0.07212783,0.0,0.0
chronos,C03,stuck,3,0.11443963,0.004273504273504274,0.5
carry,C03,stuck,3,0.11443963,0.004273504273504274,0.5
lgbm_clean,C03,stuck,3,0.11451064,0.004273504273504274,0.5
lgbm_aug,C03,stuck,3,0.10913536,0.004273504273504274,0.5
gru_clean,C03,stuck,3,0.11526874,0.004273504273504274,0.5
gru_aug,C03,stuck,3,0.11212898,0.004273504273504274,0.5
transformer_clean,C03,stuck,3,0.11584721,0.004273504273504274,0.5
transformer_aug,C03,stuck,3,0.11169047,0.004273504273504274,0.5
ssm_clean,C03,stuck,3,0.116609804,0.004273504273504274,0.5
ssm_aug,C03,stuck,3,0.11388621,0.004273504273504274,0.5
chronos,C03,stuck,4,0.16089763,0.008547008547008548,1.0
carry,C03,stuck,4,0.16089763,0.008547008547008548,1.0
lgbm_clean,C03,stuck,4,0.16078089,0.008547008547008548,1.0
lgbm_aug,C03,stuck,4,0.14928924,0.008547008547008548,1.0
gru_clean,C03,stuck,4,0.16056761,0.008547008547008548,1.0
gru_aug,C03,stuck,4,0.1487501,0.008547008547008548,1.0
transformer_clean,C03,stuck,4,0.1606794,0.008547008547008548,1.0
transformer_aug,C03,stuck,4,0.14705846,0.008547008547008548,1.0
ssm_clean,C03,stuck,4,0.16070093,0.008547008547008548,1.0
ssm_aug,C03,stuck,4,0.15294653,0.008547008547008548,1.0
chronos,C04,none,0,3.407144e-06,0.0,0.0
carry,C04,none,0,3.407144e-06,0.0,0.0
lgbm_clean,C04,none,0,0.0028059054,0.0,0.0
lgbm_aug,C04,none,0,0.010199832,0.0,0.0
gru_clean,C04,none,0,0.003114521,0.0,0.0
gru_aug,C04,none,0,0.02393853,0.017094017094017096,0.36363636363636365
transformer_clean,C04,none,0,0.005256327,0.0,0.0
transformer_aug,C04,none,0,0.026561167,0.008547008547008548,0.18181818181818182
ssm_clean,C04,none,0,0.0072918427,0.004273504273504274,0.0
ssm_aug,C04,none,0,0.022200722,0.0,0.0
chronos,C04,noise,1,0.007363458,0.004273504273504274,0.0
carry,C04,noise,1,0.007363458,0.004273504273504274,0.0
lgbm_clean,C04,noise,1,0.009526359,0.004273504273504274,0.0
lgbm_aug,C04,noise,1,0.01329898,0.004273504273504274,0.0
gru_clean,C04,noise,1,0.028378153,0.01282051282051282,0.2727272727272727
gru_aug,C04,noise,1,0.024711234,0.017094017094017096,0.36363636363636365
transformer_clean,C04,noise,1,0.009158582,0.008547008547008548,0.09090909090909091
transformer_aug,C04,noise,1,0.027513405,0.017094017094017096,0.36363636363636365
ssm_clean,C04,noise,1,0.010270844,0.008547008547008548,0.0
ssm_aug,C04,noise,1,0.024093384,0.01282051282051282,0.09090909090909091
chronos,C04,noise,2,0.0132174855,0.004273504273504274,0.0
carry,C04,noise,2,0.0132174855,0.004273504273504274,0.0
lgbm_clean,C04,noise,2,0.019787291,0.004273504273504274,0.0
lgbm_aug,C04,noise,2,0.018700136,0.0,0.0
gru_clean,C04,noise,2,0.10816809,0.02564102564102564,0.5454545454545454
gru_aug,C04,noise,2,0.037829276,0.017094017094017096,0.36363636363636365
transformer_clean,C04,noise,2,0.013976219,0.004273504273504274,0.0
transformer_aug,C04,noise,2,0.029617162,0.01282051282051282,0.2727272727272727
ssm_clean,C04,noise,2,0.014769155,0.004273504273504274,0.0
ssm_aug,C04,noise,2,0.026153043,0.008547008547008548,0.0
chronos,C04,noise,3,0.027987227,0.0,0.0
carry,C04,noise,3,0.027987227,0.0,0.0
lgbm_clean,C04,noise,3,0.072951406,0.0,0.0
lgbm_aug,C04,noise,3,0.030766463,0.0,0.0
gru_clean,C04,noise,3,0.37536204,0.04700854700854701,1.0
gru_aug,C04,noise,3,0.13234851,0.029914529914529916,0.6363636363636364
transformer_clean,C04,noise,3,0.02804502,0.004273504273504274,0.09090909090909091
transformer_aug,C04,noise,3,0.038017273,0.017094017094017096,0.36363636363636365
ssm_clean,C04,noise,3,0.030403333,0.0,0.0
ssm_aug,C04,noise,3,0.03640046,0.0,0.0
chronos,C04,noise,4,0.058193974,0.02564102564102564,0.18181818181818182
carry,C04,noise,4,0.058193974,0.02564102564102564,0.18181818181818182
lgbm_clean,C04,noise,4,0.33830336,0.021367521367521368,0.45454545454545453
lgbm_aug,C04,noise,4,0.10389069,0.01282051282051282,0.2727272727272727
gru_clean,C04,noise,4,1.0961986,0.04700854700854701,1.0
gru_aug,C04,noise,4,0.49690637,0.04700854700854701,1.0
transformer_clean,C04,noise,4,0.058326494,0.021367521367521368,0.2727272727272727
transformer_aug,C04,noise,4,0.06391985,0.021367521367521368,0.45454545454545453
ssm_clean,C04,noise,4,0.07330996,0.021367521367521368,0.18181818181818182
ssm_aug,C04,noise,4,0.06976773,0.017094017094017096,0.09090909090909091
chronos,C04,dropout,1,0.0129382955,0.004273504273504274,0.09090909090909091
carry,C04,dropout,1,0.011894275,0.004273504273504274,0.09090909090909091
lgbm_clean,C04,dropout,1,0.014643971,0.004273504273504274,0.09090909090909091
lgbm_aug,C04,dropout,1,0.019411935,0.004273504273504274,0.09090909090909091
gru_clean,C04,dropout,1,0.013482183,0.004273504273504274,0.09090909090909091
gru_aug,C04,dropout,1,0.032366272,0.017094017094017096,0.36363636363636365
transformer_clean,C04,dropout,1,0.015866548,0.004273504273504274,0.09090909090909091
transformer_aug,C04,dropout,1,0.034419637,0.008547008547008548,0.18181818181818182
ssm_clean,C04,dropout,1,0.017719073,0.008547008547008548,0.09090909090909091
ssm_aug,C04,dropout,1,0.029869374,0.004273504273504274,0.09090909090909091
chronos,C04,dropout,2,0.026688535,0.008547008547008548,0.0
carry,C04,dropout,2,0.029624466,0.017094017094017096,0.0
lgbm_clean,C04,dropout,2,0.030279225,0.017094017094017096,0.0
lgbm_aug,C04,dropout,2,0.030420939,0.008547008547008548,0.0
gru_clean,C04,dropout,2,0.030861944,0.017094017094017096,0.0
gru_aug,C04,dropout,2,0.040606003,0.017094017094017096,0.36363636363636365
transformer_clean,C04,dropout,2,0.032716017,0.017094017094017096,0.0
transformer_aug,C04,dropout,2,0.041753948,0.01282051282051282,0.2727272727272727
ssm_clean,C04,dropout,2,0.035087716,0.021367521367521368,0.0
ssm_aug,C04,dropout,2,0.0377842,0.004273504273504274,0.09090909090909091
chronos,C04,dropout,3,0.06584295,0.021367521367521368,0.2727272727272727
carry,C04,dropout,3,0.064311735,0.021367521367521368,0.18181818181818182
lgbm_clean,C04,dropout,3,0.06749944,0.021367521367521368,0.18181818181818182
lgbm_aug,C04,dropout,3,0.054356486,0.01282051282051282,0.18181818181818182
gru_clean,C04,dropout,3,0.06270293,0.021367521367521368,0.18181818181818182
gru_aug,C04,dropout,3,0.065409295,0.021367521367521368,0.45454545454545453
transformer_clean,C04,dropout,3,0.06449809,0.017094017094017096,0.09090909090909091
transformer_aug,C04,dropout,3,0.065414526,0.017094017094017096,0.36363636363636365
ssm_clean,C04,dropout,3,0.066461876,0.017094017094017096,0.09090909090909091
ssm_aug,C04,dropout,3,0.06113698,0.01282051282051282,0.2727272727272727
chronos,C04,dropout,4,0.08717529,0.038461538461538464,0.36363636363636365
carry,C04,dropout,4,0.089108266,0.042735042735042736,0.36363636363636365
lgbm_clean,C04,dropout,4,0.08982127,0.038461538461538464,0.36363636363636365
lgbm_aug,C04,dropout,4,0.066980295,0.02564102564102564,0.36363636363636365
gru_clean,C04,dropout,4,0.08915366,0.042735042735042736,0.36363636363636365
gru_aug,C04,dropout,4,0.082773864,0.04700854700854701,0.7272727272727273
transformer_clean,C04,dropout,4,0.089340046,0.038461538461538464,0.2727272727272727
transformer_aug,C04,dropout,4,0.08036099,0.04700854700854701,0.7272727272727273
ssm_clean,C04,dropout,4,0.092825346,0.04700854700854701,0.36363636363636365
ssm_aug,C04,dropout,4,0.07599565,0.03418803418803419,0.45454545454545453
chronos,C04,drift,1,0.044360463,0.01282051282051282,0.0
carry,C04,drift,1,0.044360463,0.01282051282051282,0.0
lgbm_clean,C04,drift,1,0.04475331,0.017094017094017096,0.0
lgbm_aug,C04,drift,1,0.04002669,0.008547008547008548,0.0
gru_clean,C04,drift,1,0.042741578,0.01282051282051282,0.0
gru_aug,C04,drift,1,0.046016254,0.008547008547008548,0.0
transformer_clean,C04,drift,1,0.047266316,0.01282051282051282,0.0
transformer_aug,C04,drift,1,0.051707488,0.008547008547008548,0.0
ssm_clean,C04,drift,1,0.05173212,0.021367521367521368,0.0
ssm_aug,C04,drift,1,0.05508193,0.008547008547008548,0.0
chronos,C04,drift,2,0.08872081,0.02564102564102564,0.0
carry,C04,drift,2,0.08872081,0.02564102564102564,0.0
lgbm_clean,C04,drift,2,0.08858172,0.02564102564102564,0.0
lgbm_aug,C04,drift,2,0.080138005,0.02564102564102564,0.0
gru_clean,C04,drift,2,0.08654542,0.02564102564102564,0.0
gru_aug,C04,drift,2,0.0815992,0.02564102564102564,0.0
transformer_clean,C04,drift,2,0.091090046,0.02564102564102564,0.0
transformer_aug,C04,drift,2,0.08755912,0.021367521367521368,0.0
ssm_clean,C04,drift,2,0.096372,0.038461538461538464,0.0
ssm_aug,C04,drift,2,0.09386141,0.02564102564102564,0.0
chronos,C04,drift,3,0.17744151,0.0641025641025641,0.0
carry,C04,drift,3,0.17744151,0.0641025641025641,0.0
lgbm_clean,C04,drift,3,0.17682774,0.0641025641025641,0.0
lgbm_aug,C04,drift,3,0.16156107,0.05555555555555555,0.0
gru_clean,C04,drift,3,0.17411877,0.0641025641025641,0.0
gru_aug,C04,drift,3,0.15931574,0.042735042735042736,0.0
transformer_clean,C04,drift,3,0.17864612,0.0641025641025641,0.0
transformer_aug,C04,drift,3,0.16482817,0.042735042735042736,0.0
ssm_clean,C04,drift,3,0.18556623,0.07264957264957266,0.0
ssm_aug,C04,drift,3,0.17335339,0.04700854700854701,0.0
chronos,C04,drift,4,0.35488287,0.21367521367521367,0.0
carry,C04,drift,4,0.35488287,0.21367521367521367,0.0
lgbm_clean,C04,drift,4,0.35130343,0.21367521367521367,0.0
lgbm_aug,C04,drift,4,0.32018396,0.18803418803418803,0.0
gru_clean,C04,drift,4,0.34867004,0.20512820512820512,0.0
gru_aug,C04,drift,4,0.31926575,0.18376068376068377,0.0
transformer_clean,C04,drift,4,0.35348922,0.2094017094017094,0.0
transformer_aug,C04,drift,4,0.32235822,0.1794871794871795,0.0
ssm_clean,C04,drift,4,0.3633526,0.21794871794871795,0.0
ssm_aug,C04,drift,4,0.3320601,0.20085470085470086,0.0
chronos,C04,delay,1,0.019311009,0.004273504273504274,0.0
carry,C04,delay,1,0.019311009,0.004273504273504274,0.0
lgbm_clean,C04,delay,1,0.0210494,0.004273504273504274,0.0
lgbm_aug,C04,delay,1,0.02323012,0.0,0.0
gru_clean,C04,delay,1,0.019746944,0.0,0.0
gru_aug,C04,delay,1,0.032007903,0.017094017094017096,0.36363636363636365
transformer_clean,C04,delay,1,0.02018671,0.0,0.0
transformer_aug,C04,delay,1,0.03300365,0.01282051282051282,0.2727272727272727
ssm_clean,C04,delay,1,0.020695271,0.004273504273504274,0.0
ssm_aug,C04,delay,1,0.029673569,0.004273504273504274,0.09090909090909091
chronos,C04,delay,2,0.057634436,0.01282051282051282,0.18181818181818182
carry,C04,delay,2,0.057634436,0.01282051282051282,0.18181818181818182
lgbm_clean,C04,delay,2,0.059401114,0.01282051282051282,0.18181818181818182
lgbm_aug,C04,delay,2,0.057174113,0.017094017094017096,0.2727272727272727
gru_clean,C04,delay,2,0.057671312,0.017094017094017096,0.2727272727272727
gru_aug,C04,delay,2,0.060904168,0.02564102564102564,0.45454545454545453
transformer_clean,C04,delay,2,0.057948347,0.01282051282051282,0.18181818181818182
transformer_aug,C04,delay,2,0.060130797,0.02564102564102564,0.45454545454545453
ssm_clean,C04,delay,2,0.05849279,0.01282051282051282,0.18181818181818182
ssm_aug,C04,delay,2,0.059042417,0.017094017094017096,0.2727272727272727
chronos,C04,delay,3,0.18829234,0.05982905982905983,0.6363636363636364
carry,C04,delay,3,0.18829234,0.05982905982905983,0.6363636363636364
lgbm_clean,C04,delay,3,0.19259654,0.05982905982905983,0.6363636363636364
lgbm_aug,C04,delay,3,0.1732677,0.04700854700854701,0.6363636363636364
gru_clean,C04,delay,3,0.1871109,0.05982905982905983,0.6363636363636364
gru_aug,C04,delay,3,0.1698074,0.04700854700854701,0.7272727272727273
transformer_clean,C04,delay,3,0.18730462,0.05982905982905983,0.6363636363636364
transformer_aug,C04,delay,3,0.16626982,0.05128205128205128,0.7272727272727273
ssm_clean,C04,delay,3,0.1889222,0.0641025641025641,0.6363636363636364
ssm_aug,C04,delay,3,0.16946234,0.04700854700854701,0.6363636363636364
chronos,C04,delay,4,0.25390142,0.07692307692307693,0.8181818181818182
carry,C04,delay,4,0.25390142,0.07692307692307693,0.8181818181818182
lgbm_clean,C04,delay,4,0.26033103,0.07692307692307693,0.8181818181818182
lgbm_aug,C04,delay,4,0.23315062,0.06837606837606838,0.8181818181818182
gru_clean,C04,delay,4,0.25177008,0.07692307692307693,0.8181818181818182
gru_aug,C04,delay,4,0.23168267,0.07264957264957266,0.9090909090909091
transformer_clean,C04,delay,4,0.2524602,0.0811965811965812,0.8181818181818182
transformer_aug,C04,delay,4,0.22826163,0.06837606837606838,0.9090909090909091
ssm_clean,C04,delay,4,0.25425893,0.08547008547008547,0.8181818181818182
ssm_aug,C04,delay,4,0.23185334,0.06837606837606838,0.8181818181818182
chronos,C04,failure,1,0.024903534,0.008547008547008548,0.18181818181818182
carry,C04,failure,1,0.025903393,0.008547008547008548,0.18181818181818182
lgbm_clean,C04,failure,1,0.028588613,0.008547008547008548,0.18181818181818182
lgbm_aug,C04,failure,1,0.026198134,0.008547008547008548,0.18181818181818182
gru_clean,C04,failure,1,0.030287996,0.008547008547008548,0.18181818181818182
gru_aug,C04,failure,1,0.041260123,0.02564102564102564,0.5454545454545454
transformer_clean,C04,failure,1,0.03055165,0.008547008547008548,0.18181818181818182
transformer_aug,C04,failure,1,0.040894873,0.017094017094017096,0.36363636363636365
ssm_clean,C04,failure,1,0.03246787,0.01282051282051282,0.18181818181818182
ssm_aug,C04,failure,1,0.03716632,0.008547008547008548,0.18181818181818182
chronos,C04,failure,2,0.06991757,0.008547008547008548,0.18181818181818182
carry,C04,failure,2,0.0963181,0.008547008547008548,0.18181818181818182
lgbm_clean,C04,failure,2,0.09926017,0.008547008547008548,0.18181818181818182
lgbm_aug,C04,failure,2,0.06437941,0.008547008547008548,0.18181818181818182
gru_clean,C04,failure,2,0.0789112,0.008547008547008548,0.18181818181818182
gru_aug,C04,failure,2,0.07732272,0.02564102564102564,0.5454545454545454
transformer_clean,C04,failure,2,0.09203775,0.008547008547008548,0.18181818181818182
transformer_aug,C04,failure,2,0.0697339,0.017094017094017096,0.36363636363636365
ssm_clean,C04,failure,2,0.096429974,0.008547008547008548,0.18181818181818182
ssm_aug,C04,failure,2,0.06927829,0.008547008547008548,0.18181818181818182
chronos,C04,failure,3,0.36804104,0.021367521367521368,0.45454545454545453
carry,C04,failure,3,0.4441205,0.021367521367521368,0.45454545454545453
lgbm_clean,C04,failure,3,0.6875992,0.021367521367521368,0.45454545454545453
lgbm_aug,C04,failure,3,0.61308223,0.021367521367521368,0.45454545454545453
gru_clean,C04,failure,3,0.36006546,0.021367521367521368,0.45454545454545453
gru_aug,C04,failure,3,0.23240684,0.029914529914529916,0.6363636363636364
transformer_clean,C04,failure,3,0.4321025,0.021367521367521368,0.45454545454545453
transformer_aug,C04,failure,3,0.18295103,0.02564102564102564,0.5454545454545454
ssm_clean,C04,failure,3,0.44189882,0.021367521367521368,0.45454545454545453
ssm_aug,C04,failure,3,0.15122646,0.02564102564102564,0.45454545454545453
chronos,C04,failure,4,0.22315705,0.04700854700854701,1.0
carry,C04,failure,4,0.22315705,0.04700854700854701,1.0
lgbm_clean,C04,failure,4,0.22156683,0.04700854700854701,1.0
lgbm_aug,C04,failure,4,0.13755153,0.042735042735042736,0.8181818181818182
gru_clean,C04,failure,4,0.2510055,0.04700854700854701,1.0
gru_aug,C04,failure,4,0.16379216,0.04700854700854701,1.0
transformer_clean,C04,failure,4,0.22992383,0.04700854700854701,1.0
transformer_aug,C04,failure,4,0.13915211,0.042735042735042736,0.9090909090909091
ssm_clean,C04,failure,4,0.23270541,0.04700854700854701,1.0
ssm_aug,C04,failure,4,0.14248075,0.042735042735042736,0.9090909090909091
chronos,C04,stuck,1,0.025903393,0.008547008547008548,0.18181818181818182
carry,C04,stuck,1,0.025903393,0.008547008547008548,0.18181818181818182
lgbm_clean,C04,stuck,1,0.028588613,0.008547008547008548,0.18181818181818182
lgbm_aug,C04,stuck,1,0.033054285,0.008547008547008548,0.18181818181818182
gru_clean,C04,stuck,1,0.028455408,0.008547008547008548,0.18181818181818182
gru_aug,C04,stuck,1,0.04525395,0.02564102564102564,0.5454545454545454
transformer_clean,C04,stuck,1,0.030265026,0.008547008547008548,0.18181818181818182
transformer_aug,C04,stuck,1,0.04700894,0.017094017094017096,0.36363636363636365
ssm_clean,C04,stuck,1,0.032189034,0.01282051282051282,0.18181818181818182
ssm_aug,C04,stuck,1,0.043989457,0.008547008547008548,0.18181818181818182
chronos,C04,stuck,2,0.0963181,0.008547008547008548,0.18181818181818182
carry,C04,stuck,2,0.0963181,0.008547008547008548,0.18181818181818182
lgbm_clean,C04,stuck,2,0.09926017,0.008547008547008548,0.18181818181818182
lgbm_aug,C04,stuck,2,0.09318221,0.008547008547008548,0.18181818181818182
gru_clean,C04,stuck,2,0.09777718,0.008547008547008548,0.18181818181818182
gru_aug,C04,stuck,2,0.09835015,0.02564102564102564,0.5454545454545454
transformer_clean,C04,stuck,2,0.09803919,0.008547008547008548,0.18181818181818182
transformer_aug,C04,stuck,2,0.09390643,0.017094017094017096,0.36363636363636365
ssm_clean,C04,stuck,2,0.0998515,0.008547008547008548,0.18181818181818182
ssm_aug,C04,stuck,2,0.0957288,0.008547008547008548,0.18181818181818182
chronos,C04,stuck,3,0.4441205,0.021367521367521368,0.45454545454545453
carry,C04,stuck,3,0.4441205,0.021367521367521368,0.45454545454545453
lgbm_clean,C04,stuck,3,0.6875992,0.021367521367521368,0.45454545454545453
lgbm_aug,C04,stuck,3,0.6608531,0.021367521367521368,0.45454545454545453
gru_clean,C04,stuck,3,0.43622914,0.021367521367521368,0.45454545454545453
gru_aug,C04,stuck,3,0.3769624,0.029914529914529916,0.6363636363636364
transformer_clean,C04,stuck,3,0.4489392,0.021367521367521368,0.45454545454545453
transformer_aug,C04,stuck,3,0.340015,0.02564102564102564,0.5454545454545454
ssm_clean,C04,stuck,3,0.44571143,0.021367521367521368,0.45454545454545453
ssm_aug,C04,stuck,3,0.34725758,0.021367521367521368,0.45454545454545453
chronos,C04,stuck,4,0.27981824,0.04700854700854701,1.0
carry,C04,stuck,4,0.27981824,0.04700854700854701,1.0
lgbm_clean,C04,stuck,4,0.27990285,0.04700854700854701,1.0
lgbm_aug,C04,stuck,4,0.26530644,0.04700854700854701,1.0
gru_clean,C04,stuck,4,0.27872512,0.04700854700854701,1.0
gru_aug,C04,stuck,4,0.2612824,0.04700854700854701,1.0
transformer_clean,C04,stuck,4,0.28026223,0.04700854700854701,1.0
transformer_aug,C04,stuck,4,0.26290026,0.04700854700854701,1.0
ssm_clean,C04,stuck,4,0.28412366,0.04700854700854701,1.0
ssm_aug,C04,stuck,4,0.26349226,0.04700854700854701,1.0
chronos,C05,none,0,3.7657908e-06,0.0,0.0
carry,C05,none,0,3.7657908e-06,0.0,0.0
lgbm_clean,C05,none,0,0.004726312,0.0,0.0
lgbm_aug,C05,none,0,0.011662736,0.0,0.0
gru_clean,C05,none,0,0.0033200255,0.0,0.0
gru_aug,C05,none,0,0.021836257,0.0,0.0
transformer_clean,C05,none,0,0.0046617556,0.0,0.0
transformer_aug,C05,none,0,0.019896515,0.0,0.0
ssm_clean,C05,none,0,0.0055472055,0.004273504273504274,0.0
ssm_aug,C05,none,0,0.021283664,0.0,0.0
chronos,C05,noise,1,0.0072456263,0.0,0.0
carry,C05,noise,1,0.0072456263,0.0,0.0
lgbm_clean,C05,noise,1,0.011552322,0.0,0.0
lgbm_aug,C05,noise,1,0.016180022,0.0,0.0
gru_clean,C05,noise,1,0.024965286,0.004273504273504274,0.25
gru_aug,C05,noise,1,0.02383193,0.0,0.0
transformer_clean,C05,noise,1,0.008569897,0.0,0.0
transformer_aug,C05,noise,1,0.024001962,0.0,0.0
ssm_clean,C05,noise,1,0.009248913,0.004273504273504274,0.0
ssm_aug,C05,noise,1,0.023213264,0.004273504273504274,0.0
chronos,C05,noise,2,0.014645324,0.004273504273504274,0.0
carry,C05,noise,2,0.014645324,0.004273504273504274,0.0
lgbm_clean,C05,noise,2,0.023305926,0.004273504273504274,0.0
lgbm_aug,C05,noise,2,0.02183223,0.0,0.0
gru_clean,C05,noise,2,0.09652334,0.008547008547008548,0.5
gru_aug,C05,noise,2,0.027190933,0.0,0.0
transformer_clean,C05,noise,2,0.014363786,0.004273504273504274,0.0
transformer_aug,C05,noise,2,0.03308666,0.0,0.0
ssm_clean,C05,noise,2,0.0153983515,0.004273504273504274,0.0
ssm_aug,C05,noise,2,0.027478667,0.0,0.0
chronos,C05,noise,3,0.029947786,0.008547008547008548,0.0
carry,C05,noise,3,0.029947786,0.008547008547008548,0.0
lgbm_clean,C05,noise,3,0.09410257,0.008547008547008548,0.0
lgbm_aug,C05,noise,3,0.035399918,0.0,0.0
gru_clean,C05,noise,3,0.342194,0.017094017094017096,1.0
gru_aug,C05,noise,3,0.03814117,0.0,0.0
transformer_clean,C05,noise,3,0.029907048,0.008547008547008548,0.0
transformer_aug,C05,noise,3,0.06566951,0.004273504273504274,0.25
ssm_clean,C05,noise,3,0.03108794,0.008547008547008548,0.0
ssm_aug,C05,noise,3,0.04181562,0.0,0.0
chronos,C05,noise,4,0.054138705,0.0,0.0
carry,C05,noise,4,0.054138705,0.0,0.0
lgbm_clean,C05,noise,4,0.38591138,0.0,0.0
lgbm_aug,C05,noise,4,0.07705806,0.004273504273504274,0.25
gru_clean,C05,noise,4,1.0729208,0.017094017094017096,1.0
gru_aug,C05,noise,4,0.079711474,0.008547008547008548,0.5
transformer_clean,C05,noise,4,0.056397986,0.0,0.0
transformer_aug,C05,noise,4,0.11999326,0.017094017094017096,1.0
ssm_clean,C05,noise,4,0.06009128,0.004273504273504274,0.0
ssm_aug,C05,noise,4,0.07995765,0.004273504273504274,0.25
chronos,C05,dropout,1,0.012889422,0.004273504273504274,0.0
carry,C05,dropout,1,0.0125893485,0.004273504273504274,0.0
lgbm_clean,C05,dropout,1,0.017951671,0.004273504273504274,0.0
lgbm_aug,C05,dropout,1,0.020288043,0.004273504273504274,0.0
gru_clean,C05,dropout,1,0.014732279,0.008547008547008548,0.0
gru_aug,C05,dropout,1,0.02992405,0.004273504273504274,0.25
transformer_clean,C05,dropout,1,0.015927047,0.004273504273504274,0.0
transformer_aug,C05,dropout,1,0.029571712,0.008547008547008548,0.25
ssm_clean,C05,dropout,1,0.016785337,0.01282051282051282,0.0
ssm_aug,C05,dropout,1,0.028799742,0.004273504273504274,0.25
chronos,C05,dropout,2,0.032004755,0.004273504273504274,0.0
carry,C05,dropout,2,0.03669716,0.008547008547008548,0.25
lgbm_clean,C05,dropout,2,0.044825237,0.008547008547008548,0.25
lgbm_aug,C05,dropout,2,0.03775683,0.01282051282051282,0.25
gru_clean,C05,dropout,2,0.038211726,0.01282051282051282,0.25
gru_aug,C05,dropout,2,0.045644775,0.004273504273504274,0.25
transformer_clean,C05,dropout,2,0.03793824,0.008547008547008548,0.25
transformer_aug,C05,dropout,2,0.045041222,0.008547008547008548,0.25
ssm_clean,C05,dropout,2,0.040350515,0.01282051282051282,0.0
ssm_aug,C05,dropout,2,0.044727128,0.008547008547008548,0.25
chronos,C05,dropout,3,0.06921988,0.02564102564102564,0.25
carry,C05,dropout,3,0.07268053,0.02564102564102564,0.25
lgbm_clean,C05,dropout,3,0.08580584,0.02564102564102564,0.25
lgbm_aug,C05,dropout,3,0.062228862,0.01282051282051282,0.25
gru_clean,C05,dropout,3,0.07268995,0.021367521367521368,0.25
gru_aug,C05,dropout,3,0.06564876,0.01282051282051282,0.25
transformer_clean,C05,dropout,3,0.07312411,0.021367521367521368,0.25
transformer_aug,C05,dropout,3,0.06634132,0.01282051282051282,0.25
ssm_clean,C05,dropout,3,0.07409166,0.021367521367521368,0.0
ssm_aug,C05,dropout,3,0.06416826,0.004273504273504274,0.25
chronos,C05,dropout,4,0.09239329,0.021367521367521368,0.25
carry,C05,dropout,4,0.09496453,0.01282051282051282,0.0
lgbm_clean,C05,dropout,4,0.10896909,0.008547008547008548,0.0
lgbm_aug,C05,dropout,4,0.07826502,0.004273504273504274,0.0
gru_clean,C05,dropout,4,0.096555546,0.01282051282051282,0.0
gru_aug,C05,dropout,4,0.086801134,0.004273504273504274,0.25
transformer_clean,C05,dropout,4,0.09464422,0.008547008547008548,0.0
transformer_aug,C05,dropout,4,0.08544144,0.004273504273504274,0.25
ssm_clean,C05,dropout,4,0.09750883,0.021367521367521368,0.0
ssm_aug,C05,dropout,4,0.085180804,0.008547008547008548,0.25
chronos,C05,drift,1,0.044360414,0.01282051282051282,0.0
carry,C05,drift,1,0.044360414,0.01282051282051282,0.0
lgbm_clean,C05,drift,1,0.043445848,0.01282051282051282,0.0
lgbm_aug,C05,drift,1,0.043666497,0.01282051282051282,0.0
gru_clean,C05,drift,1,0.044177927,0.01282051282051282,0.0
gru_aug,C05,drift,1,0.047635265,0.004273504273504274,0.0
transformer_clean,C05,drift,1,0.046099458,0.01282051282051282,0.0
transformer_aug,C05,drift,1,0.05112242,0.008547008547008548,0.0
ssm_clean,C05,drift,1,0.049958806,0.01282051282051282,0.0
ssm_aug,C05,drift,1,0.056603014,0.01282051282051282,0.0
chronos,C05,drift,2,0.08872079,0.02564102564102564,0.0
carry,C05,drift,2,0.08872079,0.02564102564102564,0.0
lgbm_clean,C05,drift,2,0.08820423,0.02564102564102564,0.0
lgbm_aug,C05,drift,2,0.08233043,0.02564102564102564,0.0
gru_clean,C05,drift,2,0.087766305,0.02564102564102564,0.0
gru_aug,C05,drift,2,0.085351944,0.017094017094017096,0.0
transformer_clean,C05,drift,2,0.089767195,0.02564102564102564,0.0
transformer_aug,C05,drift,2,0.08988386,0.01282051282051282,0.0
ssm_clean,C05,drift,2,0.0944558,0.02564102564102564,0.0
ssm_aug,C05,drift,2,0.09546104,0.021367521367521368,0.0
chronos,C05,drift,3,0.17744136,0.05555555555555555,0.0
carry,C05,drift,3,0.17744136,0.05555555555555555,0.0
lgbm_clean,C05,drift,3,0.17662281,0.05555555555555555,0.0
lgbm_aug,C05,drift,3,0.16174494,0.038461538461538464,0.0
gru_clean,C05,drift,3,0.17534204,0.04700854700854701,0.0
gru_aug,C05,drift,3,0.16343896,0.03418803418803419,0.0
transformer_clean,C05,drift,3,0.17693715,0.04700854700854701,0.0
transformer_aug,C05,drift,3,0.16990055,0.038461538461538464,0.0
ssm_clean,C05,drift,3,0.1833557,0.05982905982905983,0.0
ssm_aug,C05,drift,3,0.17480814,0.038461538461538464,0.0
chronos,C05,drift,4,0.35488293,0.19658119658119658,0.0
carry,C05,drift,4,0.35488293,0.19658119658119658,0.0
lgbm_clean,C05,drift,4,0.3509371,0.19230769230769232,0.0
lgbm_aug,C05,drift,4,0.31336203,0.16666666666666666,0.0
gru_clean,C05,drift,4,0.34989282,0.18376068376068377,0.0
gru_aug,C05,drift,4,0.32065758,0.16666666666666666,0.0
transformer_clean,C05,drift,4,0.3508127,0.18376068376068377,0.0
transformer_aug,C05,drift,4,0.33093852,0.1752136752136752,0.0
ssm_clean,C05,drift,4,0.36053044,0.20085470085470086,0.0
ssm_aug,C05,drift,4,0.33149368,0.1752136752136752,0.0
chronos,C05,delay,1,0.023896437,0.004273504273504274,0.0
carry,C05,delay,1,0.023896437,0.004273504273504274,0.0
lgbm_clean,C05,delay,1,0.03069361,0.004273504273504274,0.0
lgbm_aug,C05,delay,1,0.023841254,0.004273504273504274,0.0
gru_clean,C05,delay,1,0.025466967,0.004273504273504274,0.0
gru_aug,C05,delay,1,0.033224367,0.004273504273504274,0.0
transformer_clean,C05,delay,1,0.024293605,0.004273504273504274,0.0
transformer_aug,C05,delay,1,0.030220537,0.004273504273504274,0.0
ssm_clean,C05,delay,1,0.02474405,0.004273504273504274,0.0
ssm_aug,C05,delay,1,0.03055672,0.004273504273504274,0.0
chronos,C05,delay,2,0.0690229,0.008547008547008548,0.0
carry,C05,delay,2,0.0690229,0.008547008547008548,0.0
lgbm_clean,C05,delay,2,0.083838046,0.008547008547008548,0.0
lgbm_aug,C05,delay,2,0.06166274,0.008547008547008548,0.0
gru_clean,C05,delay,2,0.06963203,0.008547008547008548,0.0
gru_aug,C05,delay,2,0.06764092,0.008547008547008548,0.0
transformer_clean,C05,delay,2,0.06857809,0.008547008547008548,0.0
transformer_aug,C05,delay,2,0.06617178,0.008547008547008548,0.0
ssm_clean,C05,delay,2,0.06967623,0.008547008547008548,0.0
ssm_aug,C05,delay,2,0.06605509,0.008547008547008548,0.0
chronos,C05,delay,3,0.21619135,0.03418803418803419,1.0
carry,C05,delay,3,0.21619135,0.03418803418803419,1.0
lgbm_clean,C05,delay,3,0.25648016,0.03418803418803419,1.0
lgbm_aug,C05,delay,3,0.18901877,0.021367521367521368,1.0
gru_clean,C05,delay,3,0.2151629,0.03418803418803419,1.0
gru_aug,C05,delay,3,0.1860849,0.02564102564102564,1.0
transformer_clean,C05,delay,3,0.21444224,0.03418803418803419,1.0
transformer_aug,C05,delay,3,0.18932112,0.029914529914529916,1.0
ssm_clean,C05,delay,3,0.21669245,0.03418803418803419,1.0
ssm_aug,C05,delay,3,0.18975687,0.029914529914529916,1.0
chronos,C05,delay,4,0.26284194,0.02564102564102564,0.75
carry,C05,delay,4,0.26284194,0.02564102564102564,0.75
lgbm_clean,C05,delay,4,0.28700355,0.02564102564102564,0.75
lgbm_aug,C05,delay,4,0.24175772,0.021367521367521368,0.75
gru_clean,C05,delay,4,0.26103684,0.02564102564102564,0.75
gru_aug,C05,delay,4,0.2348745,0.021367521367521368,0.75
transformer_clean,C05,delay,4,0.2607499,0.02564102564102564,0.75
transformer_aug,C05,delay,4,0.24075529,0.021367521367521368,0.75
ssm_clean,C05,delay,4,0.2634912,0.02564102564102564,0.75
ssm_aug,C05,delay,4,0.23941,0.021367521367521368,0.75
chronos,C05,failure,1,0.026920171,0.004273504273504274,0.25
carry,C05,failure,1,0.04091085,0.004273504273504274,0.25
lgbm_clean,C05,failure,1,0.044942692,0.004273504273504274,0.25
lgbm_aug,C05,failure,1,0.037724357,0.004273504273504274,0.25
gru_clean,C05,failure,1,0.049792852,0.004273504273504274,0.25
gru_aug,C05,failure,1,0.050315842,0.004273504273504274,0.25
transformer_clean,C05,failure,1,0.046908565,0.004273504273504274,0.25
transformer_aug,C05,failure,1,0.045604967,0.004273504273504274,0.25
ssm_clean,C05,failure,1,0.04821055,0.008547008547008548,0.25
ssm_aug,C05,failure,1,0.047754142,0.004273504273504274,0.25
chronos,C05,failure,2,0.07662967,0.008547008547008548,0.5
carry,C05,failure,2,0.07401597,0.008547008547008548,0.5
lgbm_clean,C05,failure,2,0.07716086,0.008547008547008548,0.5
lgbm_aug,C05,failure,2,0.065914385,0.008547008547008548,0.5
gru_clean,C05,failure,2,0.07534552,0.008547008547008548,0.5
gru_aug,C05,failure,2,0.07198055,0.008547008547008548,0.5
transformer_clean,C05,failure,2,0.07552855,0.008547008547008548,0.5
transformer_aug,C05,failure,2,0.06693675,0.008547008547008548,0.25
ssm_clean,C05,failure,2,0.07653822,0.01282051282051282,0.5
ssm_aug,C05,failure,2,0.0751719,0.008547008547008548,0.5
chronos,C05,failure,3,0.15785442,0.017094017094017096,1.0
carry,C05,failure,3,0.17635499,0.017094017094017096,1.0
lgbm_clean,C05,failure,3,0.17699735,0.017094017094017096,1.0
lgbm_aug,C05,failure,3,0.15175386,0.017094017094017096,1.0
gru_clean,C05,failure,3,0.20942634,0.017094017094017096,1.0
gru_aug,C05,failure,3,0.16316867,0.017094017094017096,1.0
transformer_clean,C05,failure,3,0.18770717,0.017094017094017096,1.0
transformer_aug,C05,failure,3,0.14065693,0.017094017094017096,1.0
ssm_clean,C05,failure,3,0.18623102,0.021367521367521368,1.0
ssm_aug,C05,failure,3,0.16217165,0.017094017094017096,1.0
chronos,C05,failure,4,0.2249803,0.017094017094017096,1.0
carry,C05,failure,4,0.2249803,0.017094017094017096,1.0
lgbm_clean,C05,failure,4,0.2207014,0.017094017094017096,1.0
lgbm_aug,C05,failure,4,0.19016682,0.017094017094017096,1.0
gru_clean,C05,failure,4,0.2559652,0.017094017094017096,1.0
gru_aug,C05,failure,4,0.2004461,0.017094017094017096,1.0
transformer_clean,C05,failure,4,0.23100668,0.017094017094017096,1.0
transformer_aug,C05,failure,4,0.19068739,0.01282051282051282,0.75
ssm_clean,C05,failure,4,0.22868598,0.017094017094017096,1.0
ssm_aug,C05,failure,4,0.20288238,0.017094017094017096,1.0
chronos,C05,stuck,1,0.04091085,0.004273504273504274,0.25
carry,C05,stuck,1,0.04091085,0.004273504273504274,0.25
lgbm_clean,C05,stuck,1,0.044942692,0.004273504273504274,0.25
lgbm_aug,C05,stuck,1,0.047542572,0.004273504273504274,0.25
gru_clean,C05,stuck,1,0.043587465,0.004273504273504274,0.25
gru_aug,C05,stuck,1,0.057900224,0.004273504273504274,0.25
transformer_clean,C05,stuck,1,0.044658806,0.004273504273504274,0.25
transformer_aug,C05,stuck,1,0.056498274,0.004273504273504274,0.25
ssm_clean,C05,stuck,1,0.046297822,0.008547008547008548,0.25
ssm_aug,C05,stuck,1,0.05755871,0.004273504273504274,0.25
chronos,C05,stuck,2,0.07401597,0.008547008547008548,0.5
carry,C05,stuck,2,0.07401597,0.008547008547008548,0.5
lgbm_clean,C05,stuck,2,0.07716086,0.008547008547008548,0.5
lgbm_aug,C05,stuck,2,0.07637497,0.008547008547008548,0.5
gru_clean,C05,stuck,2,0.07614785,0.008547008547008548,0.5
gru_aug,C05,stuck,2,0.08374103,0.008547008547008548,0.5
transformer_clean,C05,stuck,2,0.07672481,0.008547008547008548,0.5
transformer_aug,C05,stuck,2,0.084506415,0.008547008547008548,0.5
ssm_clean,C05,stuck,2,0.07750566,0.01282051282051282,0.5
ssm_aug,C05,stuck,2,0.08442002,0.008547008547008548,0.5
chronos,C05,stuck,3,0.17635499,0.017094017094017096,1.0
carry,C05,stuck,3,0.17635499,0.017094017094017096,1.0
lgbm_clean,C05,stuck,3,0.17699735,0.017094017094017096,1.0
lgbm_aug,C05,stuck,3,0.17349862,0.017094017094017096,1.0
gru_clean,C05,stuck,3,0.1773262,0.017094017094017096,1.0
gru_aug,C05,stuck,3,0.17488652,0.017094017094017096,1.0
transformer_clean,C05,stuck,3,0.17771184,0.017094017094017096,1.0
transformer_aug,C05,stuck,3,0.17591336,0.017094017094017096,1.0
ssm_clean,C05,stuck,3,0.17998528,0.021367521367521368,1.0
ssm_aug,C05,stuck,3,0.17736727,0.017094017094017096,1.0
chronos,C05,stuck,4,0.2249803,0.017094017094017096,1.0
carry,C05,stuck,4,0.2249803,0.017094017094017096,1.0
lgbm_clean,C05,stuck,4,0.22300941,0.017094017094017096,1.0
lgbm_aug,C05,stuck,4,0.21616648,0.017094017094017096,1.0
gru_clean,C05,stuck,4,0.22496668,0.017094017094017096,1.0
gru_aug,C05,stuck,4,0.21512866,0.017094017094017096,1.0
transformer_clean,C05,stuck,4,0.22539432,0.017094017094017096,1.0
transformer_aug,C05,stuck,4,0.21785921,0.017094017094017096,1.0
ssm_clean,C05,stuck,4,0.22636835,0.017094017094017096,1.0
ssm_aug,C05,stuck,4,0.21833073,0.017094017094017096,1.0
chronos,C06,none,0,3.8799058e-06,0.0,0.0
carry,C06,none,0,3.8799058e-06,0.0,0.0
lgbm_clean,C06,none,0,0.00090514286,0.0,0.0
lgbm_aug,C06,none,0,0.016963372,0.0,0.0
gru_clean,C06,none,0,0.0031147166,0.0,0.0
gru_aug,C06,none,0,0.0206291,0.004273504273504274,0.2
transformer_clean,C06,none,0,0.003662028,0.0,0.0
transformer_aug,C06,none,0,0.015176871,0.004273504273504274,0.2
ssm_clean,C06,none,0,0.006135256,0.0,0.0
ssm_aug,C06,none,0,0.012660018,0.0,0.0
chronos,C06,noise,1,0.006784439,0.0,0.0
carry,C06,noise,1,0.006784439,0.0,0.0
lgbm_clean,C06,noise,1,0.006779679,0.0,0.0
lgbm_aug,C06,noise,1,0.019958545,0.0,0.0
gru_clean,C06,noise,1,0.026505103,0.008547008547008548,0.4
gru_aug,C06,noise,1,0.022321815,0.004273504273504274,0.2
transformer_clean,C06,noise,1,0.0073781298,0.0,0.0
transformer_aug,C06,noise,1,0.018320818,0.004273504273504274,0.2
ssm_clean,C06,noise,1,0.00878427,0.0,0.0
ssm_aug,C06,noise,1,0.014430576,0.0,0.0
chronos,C06,noise,2,0.012888363,0.004273504273504274,0.2
carry,C06,noise,2,0.012888363,0.004273504273504274,0.2
lgbm_clean,C06,noise,2,0.012866501,0.004273504273504274,0.2
lgbm_aug,C06,noise,2,0.025153348,0.004273504273504274,0.2
gru_clean,C06,noise,2,0.094329916,0.021367521367521368,1.0
gru_aug,C06,noise,2,0.025710374,0.008547008547008548,0.4
transformer_clean,C06,noise,2,0.013447884,0.004273504273504274,0.2
transformer_aug,C06,noise,2,0.027512835,0.008547008547008548,0.4
ssm_clean,C06,noise,2,0.014614822,0.004273504273504274,0.2
ssm_aug,C06,noise,2,0.019177657,0.004273504273504274,0.2
chronos,C06,noise,3,0.028908575,0.008547008547008548,0.0
carry,C06,noise,3,0.028908575,0.008547008547008548,0.0
lgbm_clean,C06,noise,3,0.035849042,0.008547008547008548,0.0
lgbm_aug,C06,noise,3,0.03876319,0.008547008547008548,0.2
gru_clean,C06,noise,3,0.32845214,0.021367521367521368,1.0
gru_aug,C06,noise,3,0.04053551,0.017094017094017096,0.8
transformer_clean,C06,noise,3,0.02868654,0.008547008547008548,0.0
transformer_aug,C06,noise,3,0.062242474,0.021367521367521368,1.0
ssm_clean,C06,noise,3,0.03077657,0.008547008547008548,0.0
ssm_aug,C06,noise,3,0.03549204,0.01282051282051282,0.4
chronos,C06,noise,4,0.05617978,0.021367521367521368,0.4
carry,C06,noise,4,0.05617978,0.021367521367521368,0.4
lgbm_clean,C06,noise,4,0.2144057,0.01282051282051282,0.6
lgbm_aug,C06,noise,4,0.06174182,0.01282051282051282,0.6
gru_clean,C06,noise,4,0.99227995,0.021367521367521368,1.0
gru_aug,C06,noise,4,0.07926219,0.017094017094017096,0.8
transformer_clean,C06,noise,4,0.054921143,0.021367521367521368,0.4
transformer_aug,C06,noise,4,0.10850709,0.021367521367521368,1.0
ssm_clean,C06,noise,4,0.06284681,0.038461538461538464,0.0
ssm_aug,C06,noise,4,0.072522484,0.01282051282051282,0.6
chronos,C06,dropout,1,0.009854243,0.004273504273504274,0.2
carry,C06,dropout,1,0.0099622775,0.004273504273504274,0.2
lgbm_clean,C06,dropout,1,0.01067706,0.004273504273504274,0.2
lgbm_aug,C06,dropout,1,0.02338116,0.004273504273504274,0.2
gru_clean,C06,dropout,1,0.012080869,0.004273504273504274,0.2
gru_aug,C06,dropout,1,0.027149364,0.008547008547008548,0.4
transformer_clean,C06,dropout,1,0.012644059,0.004273504273504274,0.2
transformer_aug,C06,dropout,1,0.02267399,0.008547008547008548,0.4
ssm_clean,C06,dropout,1,0.015237026,0.008547008547008548,0.2
ssm_aug,C06,dropout,1,0.018895403,0.004273504273504274,0.2
chronos,C06,dropout,2,0.024789223,0.0,0.0
carry,C06,dropout,2,0.02262585,0.0,0.0
lgbm_clean,C06,dropout,2,0.023075659,0.0,0.0
lgbm_aug,C06,dropout,2,0.03047692,0.0,0.0
gru_clean,C06,dropout,2,0.024748027,0.0,0.0
gru_aug,C06,dropout,2,0.036848817,0.008547008547008548,0.4
transformer_clean,C06,dropout,2,0.024612509,0.0,0.0
transformer_aug,C06,dropout,2,0.033307686,0.008547008547008548,0.4
ssm_clean,C06,dropout,2,0.026375225,0.0,0.0
ssm_aug,C06,dropout,2,0.029148918,0.0,0.0
chronos,C06,dropout,3,0.05044839,0.01282051282051282,0.4
carry,C06,dropout,3,0.05716619,0.017094017094017096,0.2
lgbm_clean,C06,dropout,3,0.057433136,0.017094017094017096,0.2
lgbm_aug,C06,dropout,3,0.05272689,0.004273504273504274,0.2
gru_clean,C06,dropout,3,0.059008785,0.017094017094017096,0.2
gru_aug,C06,dropout,3,0.06025549,0.017094017094017096,0.8
transformer_clean,C06,dropout,3,0.057620205,0.017094017094017096,0.2
transformer_aug,C06,dropout,3,0.055461835,0.008547008547008548,0.4
ssm_clean,C06,dropout,3,0.0602827,0.021367521367521368,0.2
ssm_aug,C06,dropout,3,0.05051818,0.004273504273504274,0.2
chronos,C06,dropout,4,0.08712268,0.029914529914529916,0.8
carry,C06,dropout,4,0.081537455,0.017094017094017096,0.6
lgbm_clean,C06,dropout,4,0.08167684,0.017094017094017096,0.6
lgbm_aug,C06,dropout,4,0.07602074,0.017094017094017096,0.8
gru_clean,C06,dropout,4,0.08002011,0.017094017094017096,0.6
gru_aug,C06,dropout,4,0.08812999,0.021367521367521368,1.0
transformer_clean,C06,dropout,4,0.08000685,0.021367521367521368,0.8
transformer_aug,C06,dropout,4,0.08285881,0.017094017094017096,0.8
ssm_clean,C06,dropout,4,0.08196648,0.02564102564102564,0.6
ssm_aug,C06,dropout,4,0.07247501,0.01282051282051282,0.6
chronos,C06,drift,1,0.04436084,0.017094017094017096,0.0
carry,C06,drift,1,0.04436084,0.017094017094017096,0.0
lgbm_clean,C06,drift,1,0.044053886,0.017094017094017096,0.0
lgbm_aug,C06,drift,1,0.030734168,0.008547008547008548,0.0
gru_clean,C06,drift,1,0.041753687,0.01282051282051282,0.0
gru_aug,C06,drift,1,0.025753055,0.008547008547008548,0.0
transformer_clean,C06,drift,1,0.04463569,0.021367521367521368,0.0
transformer_aug,C06,drift,1,0.03193867,0.01282051282051282,0.0
ssm_clean,C06,drift,1,0.050646205,0.029914529914529916,0.0
ssm_aug,C06,drift,1,0.038886633,0.02564102564102564,0.0
chronos,C06,drift,2,0.08872105,0.05128205128205128,0.0
carry,C06,drift,2,0.08872105,0.05128205128205128,0.0
lgbm_clean,C06,drift,2,0.08836524,0.05555555555555555,0.0
lgbm_aug,C06,drift,2,0.066833906,0.042735042735042736,0.0
gru_clean,C06,drift,2,0.085410796,0.04700854700854701,0.0
gru_aug,C06,drift,2,0.060926843,0.03418803418803419,0.0
transformer_clean,C06,drift,2,0.08825918,0.05128205128205128,0.0
transformer_aug,C06,drift,2,0.06888228,0.038461538461538464,0.0
ssm_clean,C06,drift,2,0.0951245,0.05555555555555555,0.0
ssm_aug,C06,drift,2,0.077588625,0.04700854700854701,0.0
chronos,C06,drift,3,0.17744175,0.1452991452991453,0.0
carry,C06,drift,3,0.17744175,0.1452991452991453,0.0
lgbm_clean,C06,drift,3,0.17687434,0.14957264957264957,0.0
lgbm_aug,C06,drift,3,0.13933636,0.12393162393162394,0.0
gru_clean,C06,drift,3,0.17259268,0.14102564102564102,0.0
gru_aug,C06,drift,3,0.13867182,0.09829059829059829,0.0
transformer_clean,C06,drift,3,0.17535983,0.13675213675213677,0.0
transformer_aug,C06,drift,3,0.14659202,0.11538461538461539,0.0
ssm_clean,C06,drift,3,0.1838415,0.15384615384615385,0.0
ssm_aug,C06,drift,3,0.15648834,0.13247863247863248,0.0
chronos,C06,drift,4,0.3548831,0.38461538461538464,0.0
carry,C06,drift,4,0.3548831,0.38461538461538464,0.0
lgbm_clean,C06,drift,4,0.353449,0.3803418803418803,0.0
lgbm_aug,C06,drift,4,0.26975605,0.27350427350427353,0.0
gru_clean,C06,drift,4,0.34601873,0.3717948717948718,0.0
gru_aug,C06,drift,4,0.29131448,0.2606837606837607,0.0
transformer_clean,C06,drift,4,0.34844518,0.37606837606837606,0.0
transformer_aug,C06,drift,4,0.29931322,0.2692307692307692,0.0
ssm_clean,C06,drift,4,0.3600113,0.39316239316239315,0.0
ssm_aug,C06,drift,4,0.3088328,0.32051282051282054,0.0
chronos,C06,delay,1,0.016762726,0.0,0.0
carry,C06,delay,1,0.016762726,0.0,0.0
lgbm_clean,C06,delay,1,0.01705005,0.0,0.0
lgbm_aug,C06,delay,1,0.02414718,0.0,0.0
gru_clean,C06,delay,1,0.017893849,0.0,0.0
gru_aug,C06,delay,1,0.02655683,0.004273504273504274,0.2
transformer_clean,C06,delay,1,0.016333196,0.0,0.0
transformer_aug,C06,delay,1,0.02315006,0.008547008547008548,0.2
ssm_clean,C06,delay,1,0.017879942,0.004273504273504274,0.0
ssm_aug,C06,delay,1,0.023259366,0.004273504273504274,0.0
chronos,C06,delay,2,0.050251447,0.008547008547008548,0.2
carry,C06,delay,2,0.050251447,0.008547008547008548,0.2
lgbm_clean,C06,delay,2,0.050495114,0.008547008547008548,0.2
lgbm_aug,C06,delay,2,0.05119935,0.01282051282051282,0.4
gru_clean,C06,delay,2,0.05091165,0.008547008547008548,0.2
gru_aug,C06,delay,2,0.0517762,0.017094017094017096,0.6
transformer_clean,C06,delay,2,0.04921147,0.008547008547008548,0.2
transformer_aug,C06,delay,2,0.05082944,0.01282051282051282,0.4
ssm_clean,C06,delay,2,0.051114026,0.008547008547008548,0.2
ssm_aug,C06,delay,2,0.051804487,0.008547008547008548,0.2
chronos,C06,delay,3,0.17240767,0.042735042735042736,1.0
carry,C06,delay,3,0.17240767,0.042735042735042736,1.0
lgbm_clean,C06,delay,3,0.17306897,0.042735042735042736,1.0
lgbm_aug,C06,delay,3,0.15073003,0.029914529914529916,1.0
gru_clean,C06,delay,3,0.17089255,0.038461538461538464,1.0
gru_aug,C06,delay,3,0.15493092,0.02564102564102564,1.0
transformer_clean,C06,delay,3,0.17025042,0.038461538461538464,1.0
transformer_aug,C06,delay,3,0.1572722,0.029914529914529916,1.0
ssm_clean,C06,delay,3,0.17292385,0.042735042735042736,1.0
ssm_aug,C06,delay,3,0.15605909,0.03418803418803419,1.0
chronos,C06,delay,4,0.24204503,0.042735042735042736,1.0
carry,C06,delay,4,0.24204503,0.042735042735042736,1.0
lgbm_clean,C06,delay,4,0.24261895,0.042735042735042736,1.0
lgbm_aug,C06,delay,4,0.18975563,0.02564102564102564,1.0
gru_clean,C06,delay,4,0.23867874,0.042735042735042736,1.0
gru_aug,C06,delay,4,0.21022546,0.02564102564102564,1.0
transformer_clean,C06,delay,4,0.23980388,0.042735042735042736,1.0
transformer_aug,C06,delay,4,0.21277432,0.02564102564102564,1.0
ssm_clean,C06,delay,4,0.24255165,0.042735042735042736,1.0
ssm_aug,C06,delay,4,0.20558055,0.029914529914529916,1.0
chronos,C06,failure,1,0.022613361,0.004273504273504274,0.2
carry,C06,failure,1,0.044955213,0.004273504273504274,0.2
lgbm_clean,C06,failure,1,0.04571667,0.004273504273504274,0.2
lgbm_aug,C06,failure,1,0.035188038,0.004273504273504274,0.2
gru_clean,C06,failure,1,0.05363795,0.004273504273504274,0.2
gru_aug,C06,failure,1,0.043217503,0.008547008547008548,0.4
transformer_clean,C06,failure,1,0.05088402,0.004273504273504274,0.2
transformer_aug,C06,failure,1,0.040500544,0.008547008547008548,0.4
ssm_clean,C06,failure,1,0.05336305,0.004273504273504274,0.2
ssm_aug,C06,failure,1,0.03367005,0.004273504273504274,0.2
chronos,C06,failure,2,0.06842114,0.004273504273504274,0.2
carry,C06,failure,2,0.059235938,0.004273504273504274,0.2
lgbm_clean,C06,failure,2,0.059784196,0.004273504273504274,0.2
lgbm_aug,C06,failure,2,0.056331683,0.004273504273504274,0.2
gru_clean,C06,failure,2,0.06501711,0.004273504273504274,0.2
gru_aug,C06,failure,2,0.0629099,0.008547008547008548,0.4
transformer_clean,C06,failure,2,0.06253368,0.004273504273504274,0.2
transformer_aug,C06,failure,2,0.058454122,0.008547008547008548,0.4
ssm_clean,C06,failure,2,0.0630215,0.004273504273504274,0.2
ssm_aug,C06,failure,2,0.051852055,0.004273504273504274,0.2
chronos,C06,failure,3,0.12580952,0.01282051282051282,0.6
carry,C06,failure,3,0.13288198,0.01282051282051282,0.6
lgbm_clean,C06,failure,3,0.1329141,0.01282051282051282,0.6
lgbm_aug,C06,failure,3,0.104053706,0.01282051282051282,0.6
gru_clean,C06,failure,3,0.14544463,0.01282051282051282,0.6
gru_aug,C06,failure,3,0.11393278,0.017094017094017096,0.8
transformer_clean,C06,failure,3,0.13679259,0.01282051282051282,0.6
transformer_aug,C06,failure,3,0.11262442,0.01282051282051282,0.6
ssm_clean,C06,failure,3,0.13545312,0.01282051282051282,0.6
ssm_aug,C06,failure,3,0.100883454,0.01282051282051282,0.6
chronos,C06,failure,4,0.1876009,0.021367521367521368,1.0
carry,C06,failure,4,0.1876009,0.021367521367521368,1.0
lgbm_clean,C06,failure,4,0.19184758,0.021367521367521368,1.0
lgbm_aug,C06,failure,4,0.16054676,0.021367521367521368,1.0
gru_clean,C06,failure,4,0.18488623,0.021367521367521368,1.0
gru_aug,C06,failure,4,0.15665908,0.021367521367521368,1.0
transformer_clean,C06,failure,4,0.18390478,0.021367521367521368,1.0
transformer_aug,C06,failure,4,0.15083404,0.01282051282051282,0.6
ssm_clean,C06,failure,4,0.18291299,0.021367521367521368,1.0
ssm_aug,C06,failure,4,0.14461659,0.021367521367521368,1.0
chronos,C06,stuck,1,0.044955213,0.004273504273504274,0.2
carry,C06,stuck,1,0.044955213,0.004273504273504274,0.2
lgbm_clean,C06,stuck,1,0.04571667,0.004273504273504274,0.2
lgbm_aug,C06,stuck,1,0.04697751,0.004273504273504274,0.2
gru_clean,C06,stuck,1,0.04682482,0.004273504273504274,0.2
gru_aug,C06,stuck,1,0.055877294,0.008547008547008548,0.4
transformer_clean,C06,stuck,1,0.04779025,0.004273504273504274,0.2
transformer_aug,C06,stuck,1,0.052335773,0.008547008547008548,0.4
ssm_clean,C06,stuck,1,0.051119357,0.004273504273504274,0.2
ssm_aug,C06,stuck,1,0.0492048,0.004273504273504274,0.2
chronos,C06,stuck,2,0.059235938,0.004273504273504274,0.2
carry,C06,stuck,2,0.059235938,0.004273504273504274,0.2
lgbm_clean,C06,stuck,2,0.059784196,0.004273504273504274,0.2
lgbm_aug,C06,stuck,2,0.064539135,0.004273504273504274,0.2
gru_clean,C06,stuck,2,0.060443178,0.004273504273504274,0.2
gru_aug,C06,stuck,2,0.06677364,0.008547008547008548,0.4
transformer_clean,C06,stuck,2,0.06152052,0.004273504273504274,0.2
transformer_aug,C06,stuck,2,0.06345734,0.008547008547008548,0.4
ssm_clean,C06,stuck,2,0.06328992,0.004273504273504274,0.2
ssm_aug,C06,stuck,2,0.06096235,0.004273504273504274,0.2
chronos,C06,stuck,3,0.13288198,0.01282051282051282,0.6
carry,C06,stuck,3,0.13288198,0.01282051282051282,0.6
lgbm_clean,C06,stuck,3,0.1329141,0.01282051282051282,0.6
lgbm_aug,C06,stuck,3,0.121901475,0.01282051282051282,0.6
gru_clean,C06,stuck,3,0.13207006,0.01282051282051282,0.6
gru_aug,C06,stuck,3,0.12456931,0.017094017094017096,0.8
transformer_clean,C06,stuck,3,0.13313861,0.01282051282051282,0.6
transformer_aug,C06,stuck,3,0.124391735,0.01282051282051282,0.6
ssm_clean,C06,stuck,3,0.13495132,0.01282051282051282,0.6
ssm_aug,C06,stuck,3,0.12191401,0.01282051282051282,0.6
chronos,C06,stuck,4,0.1876009,0.021367521367521368,1.0
carry,C06,stuck,4,0.1876009,0.021367521367521368,1.0
lgbm_clean,C06,stuck,4,0.18911101,0.021367521367521368,1.0
lgbm_aug,C06,stuck,4,0.17524473,0.021367521367521368,1.0
gru_clean,C06,stuck,4,0.18558142,0.021367521367521368,1.0
gru_aug,C06,stuck,4,0.17341985,0.021367521367521368,1.0
transformer_clean,C06,stuck,4,0.18643384,0.021367521367521368,1.0
transformer_aug,C06,stuck,4,0.173936,0.021367521367521368,1.0
ssm_clean,C06,stuck,4,0.18623692,0.021367521367521368,1.0
ssm_aug,C06,stuck,4,0.17091763,0.021367521367521368,1.0
chronos,C07,none,0,3.6842803e-06,0.0,0.0
carry,C07,none,0,3.6842803e-06,0.0,0.0
lgbm_clean,C07,none,0,0.0017172495,0.0,0.0
lgbm_aug,C07,none,0,0.0107175065,0.004273504273504274,0.25
gru_clean,C07,none,0,0.002716684,0.0,0.0
gru_aug,C07,none,0,0.017794503,0.008547008547008548,0.5
transformer_clean,C07,none,0,0.004646611,0.0,0.0
transformer_aug,C07,none,0,0.01708678,0.008547008547008548,0.5
ssm_clean,C07,none,0,0.005736196,0.0,0.0
ssm_aug,C07,none,0,0.015220757,0.008547008547008548,0.25
chronos,C07,noise,1,0.0070222383,0.004273504273504274,0.25
carry,C07,noise,1,0.0070222383,0.004273504273504274,0.25
lgbm_clean,C07,noise,1,0.007021211,0.004273504273504274,0.25
lgbm_aug,C07,noise,1,0.013638374,0.004273504273504274,0.25
gru_clean,C07,noise,1,0.02480983,0.004273504273504274,0.25
gru_aug,C07,noise,1,0.019146357,0.008547008547008548,0.5
transformer_clean,C07,noise,1,0.007905015,0.004273504273504274,0.25
transformer_aug,C07,noise,1,0.019026471,0.008547008547008548,0.5
ssm_clean,C07,noise,1,0.009141286,0.0,0.0
ssm_aug,C07,noise,1,0.018491354,0.008547008547008548,0.25
chronos,C07,noise,2,0.015201177,0.0,0.0
carry,C07,noise,2,0.015201177,0.0,0.0
lgbm_clean,C07,noise,2,0.016555151,0.0,0.0
lgbm_aug,C07,noise,2,0.021132281,0.004273504273504274,0.25
gru_clean,C07,noise,2,0.10140809,0.017094017094017096,1.0
gru_aug,C07,noise,2,0.024300046,0.004273504273504274,0.25
transformer_clean,C07,noise,2,0.015444975,0.004273504273504274,0.25
transformer_aug,C07,noise,2,0.025033021,0.004273504273504274,0.25
ssm_clean,C07,noise,2,0.016170649,0.004273504273504274,0.0
ssm_aug,C07,noise,2,0.026654823,0.004273504273504274,0.25
chronos,C07,noise,3,0.029393954,0.004273504273504274,0.25
carry,C07,noise,3,0.029393954,0.004273504273504274,0.25
lgbm_clean,C07,noise,3,0.06546981,0.004273504273504274,0.25
lgbm_aug,C07,noise,3,0.035582583,0.01282051282051282,0.75
gru_clean,C07,noise,3,0.3584622,0.017094017094017096,1.0
gru_aug,C07,noise,3,0.03705199,0.01282051282051282,0.75
transformer_clean,C07,noise,3,0.029722035,0.004273504273504274,0.25
transformer_aug,C07,noise,3,0.04610275,0.01282051282051282,0.75
ssm_clean,C07,noise,3,0.030050164,0.008547008547008548,0.25
ssm_aug,C07,noise,3,0.04618552,0.01282051282051282,0.75
chronos,C07,noise,4,0.057846755,0.01282051282051282,0.5
carry,C07,noise,4,0.057846755,0.01282051282051282,0.5
lgbm_clean,C07,noise,4,0.34520754,0.017094017094017096,1.0
lgbm_aug,C07,noise,4,0.057814132,0.017094017094017096,1.0
gru_clean,C07,noise,4,1.0803373,0.017094017094017096,1.0
gru_aug,C07,noise,4,0.064128645,0.017094017094017096,1.0
transformer_clean,C07,noise,4,0.0630322,0.01282051282051282,0.5
transformer_aug,C07,noise,4,0.08719304,0.017094017094017096,1.0
ssm_clean,C07,noise,4,0.059473284,0.008547008547008548,0.25
ssm_aug,C07,noise,4,0.07634499,0.017094017094017096,1.0
chronos,C07,dropout,1,0.0060462626,0.0,0.0
carry,C07,dropout,1,0.0053312676,0.0,0.0
lgbm_clean,C07,dropout,1,0.0067936336,0.0,0.0
lgbm_aug,C07,dropout,1,0.014151402,0.004273504273504274,0.25
gru_clean,C07,dropout,1,0.0076561626,0.004273504273504274,0.25
gru_aug,C07,dropout,1,0.021907106,0.008547008547008548,0.5
transformer_clean,C07,dropout,1,0.009265574,0.0,0.0
transformer_aug,C07,dropout,1,0.0210808,0.008547008547008548,0.5
ssm_clean,C07,dropout,1,0.010616335,0.0,0.0
ssm_aug,C07,dropout,1,0.018919155,0.004273504273504274,0.25
chronos,C07,dropout,2,0.02798149,0.008547008547008548,0.5
carry,C07,dropout,2,0.028830683,0.008547008547008548,0.5
lgbm_clean,C07,dropout,2,0.029831601,0.008547008547008548,0.5
lgbm_aug,C07,dropout,2,0.030565979,0.008547008547008548,0.5
gru_clean,C07,dropout,2,0.03026002,0.008547008547008548,0.5
gru_aug,C07,dropout,2,0.03685327,0.01282051282051282,0.75
transformer_clean,C07,dropout,2,0.030613124,0.008547008547008548,0.5
transformer_aug,C07,dropout,2,0.035770692,0.01282051282051282,0.75
ssm_clean,C07,dropout,2,0.032631963,0.008547008547008548,0.5
ssm_aug,C07,dropout,2,0.03325068,0.01282051282051282,0.5
chronos,C07,dropout,3,0.04419493,0.008547008547008548,0.0
carry,C07,dropout,3,0.043932874,0.01282051282051282,0.0
lgbm_clean,C07,dropout,3,0.04475049,0.01282051282051282,0.0
lgbm_aug,C07,dropout,3,0.041423522,0.004273504273504274,0.25
gru_clean,C07,dropout,3,0.044443294,0.008547008547008548,0.25
gru_aug,C07,dropout,3,0.046732765,0.01282051282051282,0.5
transformer_clean,C07,dropout,3,0.04454991,0.01282051282051282,0.0
transformer_aug,C07,dropout,3,0.047933724,0.01282051282051282,0.5
ssm_clean,C07,dropout,3,0.048571546,0.01282051282051282,0.0
ssm_aug,C07,dropout,3,0.044483952,0.008547008547008548,0.5
chronos,C07,dropout,4,0.079070196,0.017094017094017096,0.75
carry,C07,dropout,4,0.07690361,0.021367521367521368,0.75
lgbm_clean,C07,dropout,4,0.0770801,0.021367521367521368,0.75
lgbm_aug,C07,dropout,4,0.060273636,0.017094017094017096,1.0
gru_clean,C07,dropout,4,0.07656497,0.021367521367521368,1.0
gru_aug,C07,dropout,4,0.07099939,0.017094017094017096,1.0
transformer_clean,C07,dropout,4,0.07675481,0.021367521367521368,0.75
transformer_aug,C07,dropout,4,0.071092576,0.017094017094017096,1.0
ssm_clean,C07,dropout,4,0.08185251,0.017094017094017096,0.5
ssm_aug,C07,dropout,4,0.067609414,0.017094017094017096,1.0
chronos,C07,drift,1,0.044360414,0.021367521367521368,0.0
carry,C07,drift,1,0.044360414,0.021367521367521368,0.0
lgbm_clean,C07,drift,1,0.04464782,0.021367521367521368,0.0
lgbm_aug,C07,drift,1,0.04022846,0.017094017094017096,0.0
gru_clean,C07,drift,1,0.044924337,0.021367521367521368,0.0
gru_aug,C07,drift,1,0.043960374,0.017094017094017096,0.0
transformer_clean,C07,drift,1,0.048879556,0.021367521367521368,0.0
transformer_aug,C07,drift,1,0.051439464,0.029914529914529916,0.0
ssm_clean,C07,drift,1,0.05048592,0.021367521367521368,0.0
ssm_aug,C07,drift,1,0.052007347,0.02564102564102564,0.0
chronos,C07,drift,2,0.08872058,0.029914529914529916,0.0
carry,C07,drift,2,0.08872058,0.029914529914529916,0.0
lgbm_clean,C07,drift,2,0.08893269,0.029914529914529916,0.0
lgbm_aug,C07,drift,2,0.08074583,0.029914529914529916,0.0
gru_clean,C07,drift,2,0.08876525,0.029914529914529916,0.0
gru_aug,C07,drift,2,0.08297578,0.029914529914529916,0.0
transformer_clean,C07,drift,2,0.09311171,0.029914529914529916,0.0
transformer_aug,C07,drift,2,0.09179324,0.03418803418803419,0.0
ssm_clean,C07,drift,2,0.09530301,0.03418803418803419,0.0
ssm_aug,C07,drift,2,0.0929777,0.038461538461538464,0.0
chronos,C07,drift,3,0.1774414,0.0641025641025641,0.0
carry,C07,drift,3,0.1774414,0.0641025641025641,0.0
lgbm_clean,C07,drift,3,0.17751911,0.05982905982905983,0.0
lgbm_aug,C07,drift,3,0.16192056,0.05128205128205128,0.0
gru_clean,C07,drift,3,0.1764681,0.05982905982905983,0.0
gru_aug,C07,drift,3,0.16298616,0.04700854700854701,0.0
transformer_clean,C07,drift,3,0.18126495,0.0641025641025641,0.0
transformer_aug,C07,drift,3,0.17269614,0.05982905982905983,0.0
ssm_clean,C07,drift,3,0.18484934,0.0641025641025641,0.0
ssm_aug,C07,drift,3,0.17514554,0.05555555555555555,0.0
chronos,C07,drift,4,0.35488278,0.18803418803418803,0.0
carry,C07,drift,4,0.35488278,0.18803418803418803,0.0
lgbm_clean,C07,drift,4,0.35374358,0.18376068376068377,0.0
lgbm_aug,C07,drift,4,0.31681713,0.14102564102564102,0.0
gru_clean,C07,drift,4,0.35146338,0.18376068376068377,0.0
gru_aug,C07,drift,4,0.32198668,0.14957264957264957,0.0
transformer_clean,C07,drift,4,0.35630536,0.18803418803418803,0.0
transformer_aug,C07,drift,4,0.33377296,0.16666666666666666,0.0
ssm_clean,C07,drift,4,0.3631466,0.20085470085470086,0.0
ssm_aug,C07,drift,4,0.33655408,0.17094017094017094,0.0
chronos,C07,delay,1,0.017373843,0.0,0.0
carry,C07,delay,1,0.017373843,0.0,0.0
lgbm_clean,C07,delay,1,0.017744994,0.0,0.0
lgbm_aug,C07,delay,1,0.019191368,0.008547008547008548,0.5
gru_clean,C07,delay,1,0.017896473,0.0,0.0
gru_aug,C07,delay,1,0.022165298,0.008547008547008548,0.5
transformer_clean,C07,delay,1,0.017302033,0.0,0.0
transformer_aug,C07,delay,1,0.022316175,0.008547008547008548,0.5
ssm_clean,C07,delay,1,0.017782945,0.0,0.0
ssm_aug,C07,delay,1,0.020302145,0.004273504273504274,0.25
chronos,C07,delay,2,0.05266589,0.004273504273504274,0.0
carry,C07,delay,2,0.05266589,0.004273504273504274,0.0
lgbm_clean,C07,delay,2,0.052832678,0.004273504273504274,0.0
lgbm_aug,C07,delay,2,0.049428027,0.017094017094017096,0.75
gru_clean,C07,delay,2,0.0525484,0.004273504273504274,0.0
gru_aug,C07,delay,2,0.050277043,0.017094017094017096,0.75
transformer_clean,C07,delay,2,0.0525552,0.004273504273504274,0.0
transformer_aug,C07,delay,2,0.05046341,0.01282051282051282,0.5
ssm_clean,C07,delay,2,0.052813996,0.004273504273504274,0.0
ssm_aug,C07,delay,2,0.049521193,0.01282051282051282,0.5
chronos,C07,delay,3,0.17625324,0.03418803418803419,1.0
carry,C07,delay,3,0.17625324,0.03418803418803419,1.0
lgbm_clean,C07,delay,3,0.17636079,0.03418803418803419,1.0
lgbm_aug,C07,delay,3,0.162648,0.02564102564102564,1.0
gru_clean,C07,delay,3,0.1746847,0.029914529914529916,1.0
gru_aug,C07,delay,3,0.16210723,0.021367521367521368,1.0
transformer_clean,C07,delay,3,0.17621009,0.03418803418803419,1.0
transformer_aug,C07,delay,3,0.16372171,0.02564102564102564,1.0
ssm_clean,C07,delay,3,0.17693132,0.03418803418803419,1.0
ssm_aug,C07,delay,3,0.16407241,0.029914529914529916,1.0
chronos,C07,delay,4,0.24960904,0.03418803418803419,1.0
carry,C07,delay,4,0.24960904,0.03418803418803419,1.0
lgbm_clean,C07,delay,4,0.25018534,0.03418803418803419,1.0
lgbm_aug,C07,delay,4,0.23188779,0.02564102564102564,1.0
gru_clean,C07,delay,4,0.2474523,0.029914529914529916,1.0
gru_aug,C07,delay,4,0.23180488,0.021367521367521368,1.0
transformer_clean,C07,delay,4,0.24940583,0.03418803418803419,1.0
transformer_aug,C07,delay,4,0.2330694,0.02564102564102564,1.0
ssm_clean,C07,delay,4,0.2506501,0.03418803418803419,1.0
ssm_aug,C07,delay,4,0.23410605,0.02564102564102564,1.0
chronos,C07,failure,1,0.028226217,0.008547008547008548,0.5
carry,C07,failure,1,0.046532266,0.008547008547008548,0.5
lgbm_clean,C07,failure,1,0.0479536,0.008547008547008548,0.5
lgbm_aug,C07,failure,1,0.036202878,0.008547008547008548,0.5
gru_clean,C07,failure,1,0.04788146,0.008547008547008548,0.5
gru_aug,C07,failure,1,0.052040655,0.008547008547008548,0.5
transformer_clean,C07,failure,1,0.05254734,0.008547008547008548,0.5
transformer_aug,C07,failure,1,0.050762355,0.008547008547008548,0.5
ssm_clean,C07,failure,1,0.05140267,0.008547008547008548,0.5
ssm_aug,C07,failure,1,0.04707674,0.01282051282051282,0.5
chronos,C07,failure,2,0.06897708,0.008547008547008548,0.5
carry,C07,failure,2,0.07249464,0.008547008547008548,0.5
lgbm_clean,C07,failure,2,0.07360807,0.008547008547008548,0.5
lgbm_aug,C07,failure,2,0.060492948,0.008547008547008548,0.5
gru_clean,C07,failure,2,0.07398829,0.008547008547008548,0.5
gru_aug,C07,failure,2,0.06993209,0.008547008547008548,0.5
transformer_clean,C07,failure,2,0.07347927,0.008547008547008548,0.5
transformer_aug,C07,failure,2,0.070627585,0.008547008547008548,0.5
ssm_clean,C07,failure,2,0.0784501,0.008547008547008548,0.5
ssm_aug,C07,failure,2,0.0704085,0.01282051282051282,0.5
chronos,C07,failure,3,0.1270279,0.01282051282051282,0.75
carry,C07,failure,3,0.15464652,0.01282051282051282,0.75
lgbm_clean,C07,failure,3,0.15481076,0.01282051282051282,0.75
lgbm_aug,C07,failure,3,0.15470974,0.01282051282051282,0.75
gru_clean,C07,failure,3,0.15475741,0.01282051282051282,0.75
gru_aug,C07,failure,3,0.12588568,0.01282051282051282,0.75
transformer_clean,C07,failure,3,0.14735143,0.01282051282051282,0.75
transformer_aug,C07,failure,3,0.11669646,0.01282051282051282,0.75
ssm_clean,C07,failure,3,0.16785514,0.01282051282051282,0.75
ssm_aug,C07,failure,3,0.13466577,0.017094017094017096,0.75
chronos,C07,failure,4,0.20856296,0.017094017094017096,1.0
carry,C07,failure,4,0.20856296,0.017094017094017096,1.0
lgbm_clean,C07,failure,4,0.20614138,0.017094017094017096,1.0
lgbm_aug,C07,failure,4,0.19630279,0.017094017094017096,1.0
gru_clean,C07,failure,4,0.20519428,0.017094017094017096,1.0
gru_aug,C07,failure,4,0.22660457,0.017094017094017096,1.0
transformer_clean,C07,failure,4,0.21995895,0.017094017094017096,1.0
transformer_aug,C07,failure,4,0.21055874,0.017094017094017096,1.0
ssm_clean,C07,failure,4,0.20338514,0.017094017094017096,1.0
ssm_aug,C07,failure,4,0.26598147,0.02564102564102564,0.75
chronos,C07,stuck,1,0.046532266,0.008547008547008548,0.5
carry,C07,stuck,1,0.046532266,0.008547008547008548,0.5
lgbm_clean,C07,stuck,1,0.0479536,0.008547008547008548,0.5
lgbm_aug,C07,stuck,1,0.051888425,0.008547008547008548,0.5
gru_clean,C07,stuck,1,0.04853441,0.008547008547008548,0.5
gru_aug,C07,stuck,1,0.058147512,0.008547008547008548,0.5
transformer_clean,C07,stuck,1,0.050853483,0.008547008547008548,0.5
transformer_aug,C07,stuck,1,0.058002457,0.008547008547008548,0.5
ssm_clean,C07,stuck,1,0.052092627,0.008547008547008548,0.5
ssm_aug,C07,stuck,1,0.057435434,0.01282051282051282,0.5
chronos,C07,stuck,2,0.07249464,0.008547008547008548,0.5
carry,C07,stuck,2,0.07249464,0.008547008547008548,0.5
lgbm_clean,C07,stuck,2,0.07360807,0.008547008547008548,0.5
lgbm_aug,C07,stuck,2,0.073829256,0.008547008547008548,0.5
gru_clean,C07,stuck,2,0.073874824,0.008547008547008548,0.5
gru_aug,C07,stuck,2,0.07911059,0.008547008547008548,0.5
transformer_clean,C07,stuck,2,0.0749201,0.008547008547008548,0.5
transformer_aug,C07,stuck,2,0.0790888,0.008547008547008548,0.5
ssm_clean,C07,stuck,2,0.07570787,0.008547008547008548,0.5
ssm_aug,C07,stuck,2,0.078593716,0.01282051282051282,0.5
chronos,C07,stuck,3,0.15464652,0.01282051282051282,0.75
carry,C07,stuck,3,0.15464652,0.01282051282051282,0.75
lgbm_clean,C07,stuck,3,0.15481076,0.01282051282051282,0.75
lgbm_aug,C07,stuck,3,0.14668822,0.01282051282051282,0.75
gru_clean,C07,stuck,3,0.1545375,0.01282051282051282,0.75
gru_aug,C07,stuck,3,0.14758144,0.01282051282051282,0.75
transformer_clean,C07,stuck,3,0.15418552,0.01282051282051282,0.75
transformer_aug,C07,stuck,3,0.14615054,0.01282051282051282,0.75
ssm_clean,C07,stuck,3,0.1553966,0.01282051282051282,0.75
ssm_aug,C07,stuck,3,0.14718361,0.017094017094017096,0.75
chronos,C07,stuck,4,0.19386636,0.017094017094017096,1.0
carry,C07,stuck,4,0.19386636,0.017094017094017096,1.0
lgbm_clean,C07,stuck,4,0.19351485,0.017094017094017096,1.0
lgbm_aug,C07,stuck,4,0.18360293,0.017094017094017096,1.0
gru_clean,C07,stuck,4,0.19319752,0.017094017094017096,1.0
gru_aug,C07,stuck,4,0.1843782,0.017094017094017096,1.0
transformer_clean,C07,stuck,4,0.19444452,0.017094017094017096,1.0
transformer_aug,C07,stuck,4,0.1844095,0.017094017094017096,1.0
ssm_clean,C07,stuck,4,0.1946944,0.017094017094017096,1.0
ssm_aug,C07,stuck,4,0.18605508,0.017094017094017096,1.0
chronos,C08,none,0,3.798395e-06,0.0,0.0
carry,C08,none,0,3.798395e-06,0.0,0.0
lgbm_clean,C08,none,0,0.0006712563,0.0,0.0
lgbm_aug,C08,none,0,0.01224001,0.008547008547008548,0.5
gru_clean,C08,none,0,0.0033187703,0.0,0.0
gru_aug,C08,none,0,0.01953218,0.004273504273504274,0.25
transformer_clean,C08,none,0,0.0038251632,0.0,0.0
transformer_aug,C08,none,0,0.020855015,0.004273504273504274,0.25
ssm_clean,C08,none,0,0.007148433,0.0,0.0
ssm_aug,C08,none,0,0.017534304,0.004273504273504274,0.25
chronos,C08,noise,1,0.0072580646,0.0,0.0
carry,C08,noise,1,0.0072580646,0.0,0.0
lgbm_clean,C08,noise,1,0.0072239116,0.0,0.0
lgbm_aug,C08,noise,1,0.014970013,0.008547008547008548,0.5
gru_clean,C08,noise,1,0.023891367,0.004273504273504274,0.25
gru_aug,C08,noise,1,0.02068523,0.004273504273504274,0.25
transformer_clean,C08,noise,1,0.0081986645,0.0,0.0
transformer_aug,C08,noise,1,0.02279448,0.004273504273504274,0.25
ssm_clean,C08,noise,1,0.009771608,0.0,0.0
ssm_aug,C08,noise,1,0.020397365,0.004273504273504274,0.25
chronos,C08,noise,2,0.015659431,0.0,0.0
carry,C08,noise,2,0.015659431,0.0,0.0
lgbm_clean,C08,noise,2,0.016865836,0.0,0.0
lgbm_aug,C08,noise,2,0.022453912,0.008547008547008548,0.5
gru_clean,C08,noise,2,0.09709984,0.008547008547008548,0.5
gru_aug,C08,noise,2,0.024983235,0.008547008547008548,0.5
transformer_clean,C08,noise,2,0.015879558,0.0,0.0
transformer_aug,C08,noise,2,0.027137006,0.008547008547008548,0.5
ssm_clean,C08,noise,2,0.016985966,0.004273504273504274,0.0
ssm_aug,C08,noise,2,0.026865087,0.0,0.0
chronos,C08,noise,3,0.027781168,0.004273504273504274,0.0
carry,C08,noise,3,0.027781168,0.004273504273504274,0.0
lgbm_clean,C08,noise,3,0.052026343,0.004273504273504274,0.0
lgbm_aug,C08,noise,3,0.030542618,0.01282051282051282,0.75
gru_clean,C08,noise,3,0.3411193,0.017094017094017096,1.0
gru_aug,C08,noise,3,0.03387743,0.01282051282051282,0.75
transformer_clean,C08,noise,3,0.02737937,0.01282051282051282,0.25
transformer_aug,C08,noise,3,0.039751884,0.01282051282051282,0.75
ssm_clean,C08,noise,3,0.029255483,0.004273504273504274,0.0
ssm_aug,C08,noise,3,0.041583087,0.008547008547008548,0.5
chronos,C08,noise,4,0.0615042,0.01282051282051282,0.0
carry,C08,noise,4,0.0615042,0.01282051282051282,0.0
lgbm_clean,C08,noise,4,0.29007798,0.0,0.0
lgbm_aug,C08,noise,4,0.055359606,0.017094017094017096,1.0
gru_clean,C08,noise,4,1.03167,0.017094017094017096,1.0
gru_aug,C08,noise,4,0.05613751,0.017094017094017096,1.0
transformer_clean,C08,noise,4,0.0625359,0.01282051282051282,0.0
transformer_aug,C08,noise,4,0.07211773,0.017094017094017096,1.0
ssm_clean,C08,noise,4,0.064018965,0.021367521367521368,0.0
ssm_aug,C08,noise,4,0.06957442,0.017094017094017096,1.0
chronos,C08,dropout,1,0.00998779,0.0,0.0
carry,C08,dropout,1,0.009808549,0.0,0.0
lgbm_clean,C08,dropout,1,0.010304948,0.0,0.0
lgbm_aug,C08,dropout,1,0.016620783,0.008547008547008548,0.5
gru_clean,C08,dropout,1,0.012969482,0.0,0.0
gru_aug,C08,dropout,1,0.022157848,0.004273504273504274,0.25
transformer_clean,C08,dropout,1,0.012331971,0.0,0.0
transformer_aug,C08,dropout,1,0.023681754,0.004273504273504274,0.25
ssm_clean,C08,dropout,1,0.016490333,0.0,0.0
ssm_aug,C08,dropout,1,0.01939221,0.004273504273504274,0.25
chronos,C08,dropout,2,0.029405903,0.0,0.0
carry,C08,dropout,2,0.032508183,0.0,0.0
lgbm_clean,C08,dropout,2,0.033009864,0.0,0.0
lgbm_aug,C08,dropout,2,0.03354384,0.01282051282051282,0.75
gru_clean,C08,dropout,2,0.03454745,0.0,0.0
gru_aug,C08,dropout,2,0.037713937,0.01282051282051282,0.75
transformer_clean,C08,dropout,2,0.034206733,0.0,0.0
transformer_aug,C08,dropout,2,0.03983589,0.01282051282051282,0.75
ssm_clean,C08,dropout,2,0.037565656,0.0,0.0
ssm_aug,C08,dropout,2,0.034638543,0.01282051282051282,0.75
chronos,C08,dropout,3,0.045940544,0.0,0.0
carry,C08,dropout,3,0.048194982,0.004273504273504274,0.0
lgbm_clean,C08,dropout,3,0.04961785,0.004273504273504274,0.0
lgbm_aug,C08,dropout,3,0.04109068,0.008547008547008548,0.5
gru_clean,C08,dropout,3,0.04890127,0.004273504273504274,0.0
gru_aug,C08,dropout,3,0.046861894,0.008547008547008548,0.5
transformer_clean,C08,dropout,3,0.048761416,0.004273504273504274,0.0
transformer_aug,C08,dropout,3,0.049705848,0.01282051282051282,0.75
ssm_clean,C08,dropout,3,0.05185349,0.004273504273504274,0.0
ssm_aug,C08,dropout,3,0.045461703,0.008547008547008548,0.5
chronos,C08,dropout,4,0.061929785,0.008547008547008548,0.25
carry,C08,dropout,4,0.058736067,0.008547008547008548,0.25
lgbm_clean,C08,dropout,4,0.05886254,0.008547008547008548,0.25
lgbm_aug,C08,dropout,4,0.05521463,0.017094017094017096,1.0
gru_clean,C08,dropout,4,0.05929109,0.008547008547008548,0.25
gru_aug,C08,dropout,4,0.054435976,0.017094017094017096,1.0
transformer_clean,C08,dropout,4,0.05860772,0.008547008547008548,0.25
transformer_aug,C08,dropout,4,0.06363508,0.017094017094017096,1.0
ssm_clean,C08,dropout,4,0.06418253,0.008547008547008548,0.25
ssm_aug,C08,dropout,4,0.05576962,0.017094017094017096,1.0
chronos,C08,drift,1,0.04436084,0.021367521367521368,0.0
carry,C08,drift,1,0.04436084,0.021367521367521368,0.0
lgbm_clean,C08,drift,1,0.044625502,0.021367521367521368,0.0
lgbm_aug,C08,drift,1,0.03912689,0.004273504273504274,0.0
gru_clean,C08,drift,1,0.044516653,0.01282051282051282,0.0
gru_aug,C08,drift,1,0.04573721,0.01282051282051282,0.25
transformer_clean,C08,drift,1,0.047024082,0.021367521367521368,0.0
transformer_aug,C08,drift,1,0.05035943,0.01282051282051282,0.25
ssm_clean,C08,drift,1,0.051701732,0.021367521367521368,0.0
ssm_aug,C08,drift,1,0.05426451,0.008547008547008548,0.0
chronos,C08,drift,2,0.088721186,0.042735042735042736,0.0
carry,C08,drift,2,0.088721186,0.042735042735042736,0.0
lgbm_clean,C08,drift,2,0.088595025,0.042735042735042736,0.0
lgbm_aug,C08,drift,2,0.077976584,0.017094017094017096,0.0
gru_clean,C08,drift,2,0.0882547,0.042735042735042736,0.0
gru_aug,C08,drift,2,0.08244363,0.017094017094017096,0.0
transformer_clean,C08,drift,2,0.09076939,0.042735042735042736,0.0
transformer_aug,C08,drift,2,0.08661997,0.021367521367521368,0.0
ssm_clean,C08,drift,2,0.09626723,0.042735042735042736,0.0
ssm_aug,C08,drift,2,0.09495616,0.038461538461538464,0.0
chronos,C08,drift,3,0.17744187,0.06837606837606838,0.0
carry,C08,drift,3,0.17744187,0.06837606837606838,0.0
lgbm_clean,C08,drift,3,0.1772401,0.06837606837606838,0.0
lgbm_aug,C08,drift,3,0.15593179,0.05555555555555555,0.0
gru_clean,C08,drift,3,0.17561686,0.06837606837606838,0.0
gru_aug,C08,drift,3,0.16068408,0.05555555555555555,0.0
transformer_clean,C08,drift,3,0.17818275,0.0641025641025641,0.0
transformer_aug,C08,drift,3,0.16410397,0.05128205128205128,0.0
ssm_clean,C08,drift,3,0.18528123,0.06837606837606838,0.0
ssm_aug,C08,drift,3,0.17669117,0.0641025641025641,0.0
chronos,C08,drift,4,0.35488328,0.21794871794871795,0.0
carry,C08,drift,4,0.35488328,0.21794871794871795,0.0
lgbm_clean,C08,drift,4,0.35121527,0.21794871794871795,0.0
lgbm_aug,C08,drift,4,0.30566183,0.1794871794871795,0.0
gru_clean,C08,drift,4,0.3492873,0.21794871794871795,0.0
gru_aug,C08,drift,4,0.31594026,0.18803418803418803,0.0
transformer_clean,C08,drift,4,0.35249558,0.21794871794871795,0.0
transformer_aug,C08,drift,4,0.31829488,0.18376068376068377,0.0
ssm_clean,C08,drift,4,0.36250252,0.2264957264957265,0.0
ssm_aug,C08,drift,4,0.33583298,0.21367521367521367,0.0
chronos,C08,delay,1,0.015781337,0.0,0.0
carry,C08,delay,1,0.015781337,0.0,0.0
lgbm_clean,C08,delay,1,0.015910728,0.0,0.0
lgbm_aug,C08,delay,1,0.021345856,0.008547008547008548,0.5
gru_clean,C08,delay,1,0.016940566,0.0,0.0
gru_aug,C08,delay,1,0.024898056,0.004273504273504274,0.25
transformer_clean,C08,delay,1,0.016162252,0.0,0.0
transformer_aug,C08,delay,1,0.024156407,0.004273504273504274,0.25
ssm_clean,C08,delay,1,0.017039862,0.0,0.0
ssm_aug,C08,delay,1,0.022882544,0.0,0.0
chronos,C08,delay,2,0.045919385,0.008547008547008548,0.0
carry,C08,delay,2,0.045919385,0.008547008547008548,0.0
lgbm_clean,C08,delay,2,0.04595861,0.008547008547008548,0.0
lgbm_aug,C08,delay,2,0.04630736,0.004273504273504274,0.25
gru_clean,C08,delay,2,0.046621796,0.004273504273504274,0.0
gru_aug,C08,delay,2,0.046199325,0.008547008547008548,0.5
transformer_clean,C08,delay,2,0.045636967,0.008547008547008548,0.0
transformer_aug,C08,delay,2,0.0439519,0.004273504273504274,0.25
ssm_clean,C08,delay,2,0.046477683,0.008547008547008548,0.0
ssm_aug,C08,delay,2,0.04556677,0.004273504273504274,0.0
chronos,C08,delay,3,0.15110604,0.02564102564102564,0.75
carry,C08,delay,3,0.15110604,0.02564102564102564,0.75
lgbm_clean,C08,delay,3,0.1568768,0.02564102564102564,0.75
lgbm_aug,C08,delay,3,0.13873349,0.017094017094017096,0.75
gru_clean,C08,delay,3,0.1501749,0.02564102564102564,0.75
gru_aug,C08,delay,3,0.13384123,0.021367521367521368,0.75
transformer_clean,C08,delay,3,0.14964262,0.02564102564102564,0.75
transformer_aug,C08,delay,3,0.13088119,0.01282051282051282,0.75
ssm_clean,C08,delay,3,0.15137857,0.02564102564102564,0.75
ssm_aug,C08,delay,3,0.1366712,0.021367521367521368,0.75
chronos,C08,delay,4,0.18239813,0.02564102564102564,0.75
carry,C08,delay,4,0.18239813,0.02564102564102564,0.75
lgbm_clean,C08,delay,4,0.18323618,0.02564102564102564,0.75
lgbm_aug,C08,delay,4,0.16672838,0.017094017094017096,0.75
gru_clean,C08,delay,4,0.18029255,0.02564102564102564,0.75
gru_aug,C08,delay,4,0.16292185,0.021367521367521368,0.75
transformer_clean,C08,delay,4,0.18103315,0.02564102564102564,0.75
transformer_aug,C08,delay,4,0.16089675,0.017094017094017096,0.75
ssm_clean,C08,delay,4,0.18293239,0.02564102564102564,0.75
ssm_aug,C08,delay,4,0.16495256,0.021367521367521368,0.75
chronos,C08,failure,1,0.032009874,0.01282051282051282,0.75
carry,C08,failure,1,0.041307498,0.01282051282051282,0.75
lgbm_clean,C08,failure,1,0.04184635,0.01282051282051282,0.75
lgbm_aug,C08,failure,1,0.042783737,0.017094017094017096,1.0
gru_clean,C08,failure,1,0.04294244,0.01282051282051282,0.75
gru_aug,C08,failure,1,0.048026256,0.01282051282051282,0.75
transformer_clean,C08,failure,1,0.046618436,0.01282051282051282,0.75
transformer_aug,C08,failure,1,0.046212792,0.01282051282051282,0.75
ssm_clean,C08,failure,1,0.04951627,0.01282051282051282,0.75
ssm_aug,C08,failure,1,0.04639412,0.021367521367521368,0.75
chronos,C08,failure,2,0.08856543,0.017094017094017096,1.0
carry,C08,failure,2,0.15290278,0.017094017094017096,1.0
lgbm_clean,C08,failure,2,0.15334994,0.017094017094017096,1.0
lgbm_aug,C08,failure,2,0.12539637,0.017094017094017096,1.0
gru_clean,C08,failure,2,0.15320385,0.017094017094017096,1.0
gru_aug,C08,failure,2,0.1015021,0.017094017094017096,1.0
transformer_clean,C08,failure,2,0.14674222,0.017094017094017096,1.0
transformer_aug,C08,failure,2,0.091368355,0.017094017094017096,1.0
ssm_clean,C08,failure,2,0.1707567,0.017094017094017096,1.0
ssm_aug,C08,failure,2,0.090387054,0.017094017094017096,1.0
chronos,C08,failure,3,0.12640485,0.017094017094017096,1.0
carry,C08,failure,3,0.2251283,0.017094017094017096,1.0
lgbm_clean,C08,failure,3,0.2267995,0.017094017094017096,1.0
lgbm_aug,C08,failure,3,0.14706585,0.017094017094017096,1.0
gru_clean,C08,failure,3,0.2229289,0.017094017094017096,1.0
gru_aug,C08,failure,3,0.12890208,0.017094017094017096,1.0
transformer_clean,C08,failure,3,0.2094539,0.017094017094017096,1.0
transformer_aug,C08,failure,3,0.118333474,0.017094017094017096,1.0
ssm_clean,C08,failure,3,0.24776271,0.017094017094017096,1.0
ssm_aug,C08,failure,3,0.112869866,0.017094017094017096,1.0
chronos,C08,failure,4,0.16883838,0.017094017094017096,1.0
carry,C08,failure,4,0.16883838,0.017094017094017096,1.0
lgbm_clean,C08,failure,4,0.1675405,0.017094017094017096,1.0
lgbm_aug,C08,failure,4,0.13132633,0.017094017094017096,1.0
gru_clean,C08,failure,4,0.16755934,0.017094017094017096,1.0
gru_aug,C08,failure,4,0.15586835,0.017094017094017096,1.0
transformer_clean,C08,failure,4,0.17413203,0.017094017094017096,1.0
transformer_aug,C08,failure,4,0.158757,0.017094017094017096,1.0
ssm_clean,C08,failure,4,0.1656911,0.017094017094017096,1.0
ssm_aug,C08,failure,4,0.19788799,0.021367521367521368,1.0
chronos,C08,stuck,1,0.041307498,0.01282051282051282,0.75
carry,C08,stuck,1,0.041307498,0.01282051282051282,0.75
lgbm_clean,C08,stuck,1,0.04184635,0.01282051282051282,0.75
lgbm_aug,C08,stuck,1,0.0486437,0.017094017094017096,1.0
gru_clean,C08,stuck,1,0.04378563,0.01282051282051282,0.75
gru_aug,C08,stuck,1,0.052953932,0.01282051282051282,0.75
transformer_clean,C08,stuck,1,0.044356696,0.01282051282051282,0.75
transformer_aug,C08,stuck,1,0.055092476,0.01282051282051282,0.75
ssm_clean,C08,stuck,1,0.04849998,0.01282051282051282,0.75
ssm_aug,C08,stuck,1,0.05417845,0.01282051282051282,0.75
chronos,C08,stuck,2,0.15290278,0.017094017094017096,1.0
carry,C08,stuck,2,0.15290278,0.017094017094017096,1.0
lgbm_clean,C08,stuck,2,0.15334994,0.017094017094017096,1.0
lgbm_aug,C08,stuck,2,0.1534225,0.017094017094017096,1.0
gru_clean,C08,stuck,2,0.15294768,0.017094017094017096,1.0
gru_aug,C08,stuck,2,0.14950879,0.017094017094017096,1.0
transformer_clean,C08,stuck,2,0.15338902,0.017094017094017096,1.0
transformer_aug,C08,stuck,2,0.14754543,0.017094017094017096,1.0
ssm_clean,C08,stuck,2,0.1556563,0.017094017094017096,1.0
ssm_aug,C08,stuck,2,0.15207851,0.017094017094017096,1.0
chronos,C08,stuck,3,0.2251283,0.017094017094017096,1.0
carry,C08,stuck,3,0.2251283,0.017094017094017096,1.0
lgbm_clean,C08,stuck,3,0.2267995,0.017094017094017096,1.0
lgbm_aug,C08,stuck,3,0.20808157,0.017094017094017096,1.0
gru_clean,C08,stuck,3,0.22280835,0.017094017094017096,1.0
gru_aug,C08,stuck,3,0.20635864,0.017094017094017096,1.0
transformer_clean,C08,stuck,3,0.2221802,0.017094017094017096,1.0
transformer_aug,C08,stuck,3,0.20259084,0.017094017094017096,1.0
ssm_clean,C08,stuck,3,0.22413029,0.017094017094017096,1.0
ssm_aug,C08,stuck,3,0.20787276,0.017094017094017096,1.0
chronos,C08,stuck,4,0.33981377,0.017094017094017096,1.0
carry,C08,stuck,4,0.33981377,0.017094017094017096,1.0
lgbm_clean,C08,stuck,4,0.33229327,0.017094017094017096,1.0
lgbm_aug,C08,stuck,4,0.31752458,0.017094017094017096,1.0
gru_clean,C08,stuck,4,0.3379536,0.017094017094017096,1.0
gru_aug,C08,stuck,4,0.31788418,0.017094017094017096,1.0
transformer_clean,C08,stuck,4,0.33887628,0.017094017094017096,1.0
transformer_aug,C08,stuck,4,0.3173778,0.017094017094017096,1.0
ssm_clean,C08,stuck,4,0.34793806,0.017094017094017096,1.0
ssm_aug,C08,stuck,4,0.33888015,0.017094017094017096,1.0
chronos,C09,none,0,3.7494888e-06,0.0,0.0
carry,C09,none,0,3.7494888e-06,0.0,0.0
lgbm_clean,C09,none,0,0.00023406591,0.0,0.0
lgbm_aug,C09,none,0,0.015828483,0.008547008547008548,0.15384615384615385
gru_clean,C09,none,0,0.002553027,0.0,0.0
gru_aug,C09,none,0,0.01988341,0.01282051282051282,0.23076923076923078
transformer_clean,C09,none,0,0.006586515,0.0,0.0
transformer_aug,C09,none,0,0.018672047,0.0,0.0
ssm_clean,C09,none,0,0.003884617,0.0,0.0
ssm_aug,C09,none,0,0.016217094,0.004273504273504274,0.07692307692307693
chronos,C09,noise,1,0.007059912,0.0,0.0
carry,C09,noise,1,0.007059912,0.0,0.0
lgbm_clean,C09,noise,1,0.007210234,0.0,0.0
lgbm_aug,C09,noise,1,0.019920202,0.01282051282051282,0.23076923076923078
gru_clean,C09,noise,1,0.010326516,0.008547008547008548,0.15384615384615385
gru_aug,C09,noise,1,0.021995218,0.017094017094017096,0.3076923076923077
transformer_clean,C09,noise,1,0.009847674,0.0,0.0
transformer_aug,C09,noise,1,0.02069351,0.008547008547008548,0.15384615384615385
ssm_clean,C09,noise,1,0.007869329,0.0,0.0
ssm_aug,C09,noise,1,0.019647028,0.01282051282051282,0.23076923076923078
chronos,C09,noise,2,0.013751185,0.0,0.0
carry,C09,noise,2,0.013751185,0.0,0.0
lgbm_clean,C09,noise,2,0.013698741,0.0,0.0
lgbm_aug,C09,noise,2,0.025936631,0.017094017094017096,0.3076923076923077
gru_clean,C09,noise,2,0.024144897,0.017094017094017096,0.3076923076923077
gru_aug,C09,noise,2,0.029416565,0.01282051282051282,0.23076923076923078
transformer_clean,C09,noise,2,0.015032792,0.0,0.0
transformer_aug,C09,noise,2,0.026781833,0.01282051282051282,0.23076923076923078
ssm_clean,C09,noise,2,0.014169742,0.0,0.0
ssm_aug,C09,noise,2,0.030296555,0.017094017094017096,0.3076923076923077
chronos,C09,noise,3,0.027586048,0.008547008547008548,0.15384615384615385
carry,C09,noise,3,0.027586048,0.008547008547008548,0.15384615384615385
lgbm_clean,C09,noise,3,0.026816735,0.01282051282051282,0.23076923076923078
lgbm_aug,C09,noise,3,0.039903104,0.029914529914529916,0.5384615384615384
gru_clean,C09,noise,3,0.04935517,0.03418803418803419,0.6153846153846154
gru_aug,C09,noise,3,0.04656428,0.03418803418803419,0.6153846153846154
transformer_clean,C09,noise,3,0.028649207,0.017094017094017096,0.3076923076923077
transformer_aug,C09,noise,3,0.04114133,0.02564102564102564,0.46153846153846156
ssm_clean,C09,noise,3,0.027620316,0.017094017094017096,0.3076923076923077
ssm_aug,C09,noise,3,0.051780604,0.029914529914529916,0.5384615384615384
chronos,C09,noise,4,0.057091966,0.021367521367521368,0.15384615384615385
carry,C09,noise,4,0.057091966,0.021367521367521368,0.15384615384615385
lgbm_clean,C09,noise,4,0.05817609,0.021367521367521368,0.38461538461538464
lgbm_aug,C09,noise,4,0.062319096,0.029914529914529916,0.5384615384615384
gru_clean,C09,noise,4,0.09436516,0.05555555555555555,1.0
gru_aug,C09,noise,4,0.07956281,0.03418803418803419,0.6153846153846154
transformer_clean,C09,noise,4,0.05820876,0.021367521367521368,0.38461538461538464
transformer_aug,C09,noise,4,0.08521822,0.038461538461538464,0.6923076923076923
ssm_clean,C09,noise,4,0.060474984,0.021367521367521368,0.38461538461538464
ssm_aug,C09,noise,4,0.07874592,0.03418803418803419,0.6153846153846154
chronos,C09,dropout,1,0.011280516,0.004273504273504274,0.07692307692307693
carry,C09,dropout,1,0.012521891,0.008547008547008548,0.07692307692307693
lgbm_clean,C09,dropout,1,0.012726531,0.008547008547008548,0.07692307692307693
lgbm_aug,C09,dropout,1,0.022172993,0.01282051282051282,0.23076923076923078
gru_clean,C09,dropout,1,0.015082042,0.008547008547008548,0.07692307692307693
gru_aug,C09,dropout,1,0.02581717,0.017094017094017096,0.3076923076923077
transformer_clean,C09,dropout,1,0.018658353,0.008547008547008548,0.07692307692307693
transformer_aug,C09,dropout,1,0.025017796,0.004273504273504274,0.07692307692307693
ssm_clean,C09,dropout,1,0.018334217,0.01282051282051282,0.0
ssm_aug,C09,dropout,1,0.022934742,0.008547008547008548,0.15384615384615385
chronos,C09,dropout,2,0.026833657,0.01282051282051282,0.23076923076923078
carry,C09,dropout,2,0.02970865,0.017094017094017096,0.23076923076923078
lgbm_clean,C09,dropout,2,0.029926544,0.017094017094017096,0.23076923076923078
lgbm_aug,C09,dropout,2,0.033352077,0.021367521367521368,0.38461538461538464
gru_clean,C09,dropout,2,0.03152236,0.017094017094017096,0.23076923076923078
gru_aug,C09,dropout,2,0.037021328,0.02564102564102564,0.46153846153846156
transformer_clean,C09,dropout,2,0.03448183,0.017094017094017096,0.23076923076923078
transformer_aug,C09,dropout,2,0.03564877,0.01282051282051282,0.23076923076923078
ssm_clean,C09,dropout,2,0.035940446,0.017094017094017096,0.23076923076923078
ssm_aug,C09,dropout,2,0.034263056,0.017094017094017096,0.3076923076923077
chronos,C09,dropout,3,0.05703398,0.017094017094017096,0.07692307692307693
carry,C09,dropout,3,0.055090148,0.021367521367521368,0.15384615384615385
lgbm_clean,C09,dropout,3,0.05530183,0.021367521367521368,0.15384615384615385
lgbm_aug,C09,dropout,3,0.043281507,0.008547008547008548,0.15384615384615385
gru_clean,C09,dropout,3,0.061342288,0.021367521367521368,0.07692307692307693
gru_aug,C09,dropout,3,0.05227565,0.017094017094017096,0.3076923076923077
transformer_clean,C09,dropout,3,0.061389238,0.02564102564102564,0.07692307692307693
transformer_aug,C09,dropout,3,0.049619008,0.02564102564102564,0.15384615384615385
ssm_clean,C09,dropout,3,0.07485243,0.021367521367521368,0.0
ssm_aug,C09,dropout,3,0.047443684,0.01282051282051282,0.23076923076923078
chronos,C09,dropout,4,0.08706753,0.02564102564102564,0.3076923076923077
carry,C09,dropout,4,0.082865514,0.021367521367521368,0.23076923076923078
lgbm_clean,C09,dropout,4,0.08311353,0.021367521367521368,0.23076923076923078
lgbm_aug,C09,dropout,4,0.061297294,0.01282051282051282,0.23076923076923078
gru_clean,C09,dropout,4,0.08807844,0.017094017094017096,0.15384615384615385
gru_aug,C09,dropout,4,0.07149589,0.021367521367521368,0.38461538461538464
transformer_clean,C09,dropout,4,0.08679072,0.021367521367521368,0.15384615384615385
transformer_aug,C09,dropout,4,0.06914969,0.021367521367521368,0.3076923076923077
ssm_clean,C09,dropout,4,0.101501204,0.03418803418803419,0.15384615384615385
ssm_aug,C09,dropout,4,0.06570761,0.01282051282051282,0.23076923076923078
chronos,C09,drift,1,0.044360626,0.008547008547008548,0.0
carry,C09,drift,1,0.044360626,0.008547008547008548,0.0
lgbm_clean,C09,drift,1,0.044150036,0.008547008547008548,0.0
lgbm_aug,C09,drift,1,0.032806855,0.004273504273504274,0.07692307692307693
gru_clean,C09,drift,1,0.043280676,0.008547008547008548,0.0
gru_aug,C09,drift,1,0.041050676,0.008547008547008548,0.07692307692307693
transformer_clean,C09,drift,1,0.045397244,0.017094017094017096,0.0
transformer_aug,C09,drift,1,0.046870437,0.01282051282051282,0.0
ssm_clean,C09,drift,1,0.045198034,0.021367521367521368,0.0
ssm_aug,C09,drift,1,0.04413285,0.004273504273504274,0.0
chronos,C09,drift,2,0.088720955,0.02564102564102564,0.0
carry,C09,drift,2,0.088720955,0.02564102564102564,0.0
lgbm_clean,C09,drift,2,0.0885,0.02564102564102564,0.0
lgbm_aug,C09,drift,2,0.070448115,0.01282051282051282,0.07692307692307693
gru_clean,C09,drift,2,0.08665867,0.02564102564102564,0.0
gru_aug,C09,drift,2,0.077541664,0.017094017094017096,0.07692307692307693
transformer_clean,C09,drift,2,0.09010913,0.029914529914529916,0.0
transformer_aug,C09,drift,2,0.086254984,0.021367521367521368,0.0
ssm_clean,C09,drift,2,0.0900785,0.02564102564102564,0.0
ssm_aug,C09,drift,2,0.08349795,0.021367521367521368,0.0
chronos,C09,drift,3,0.1774417,0.08974358974358974,0.0
carry,C09,drift,3,0.1774417,0.08974358974358974,0.0
lgbm_clean,C09,drift,3,0.17667288,0.08974358974358974,0.0
lgbm_aug,C09,drift,3,0.1448263,0.04700854700854701,0.07692307692307693
gru_clean,C09,drift,3,0.17216255,0.0811965811965812,0.0
gru_aug,C09,drift,3,0.15294258,0.05982905982905983,0.07692307692307693
transformer_clean,C09,drift,3,0.17888947,0.10683760683760683,0.0
transformer_aug,C09,drift,3,0.16491199,0.07692307692307693,0.0
ssm_clean,C09,drift,3,0.1793839,0.10256410256410256,0.0
ssm_aug,C09,drift,3,0.16219017,0.06837606837606838,0.0
chronos,C09,drift,4,0.35488316,0.28205128205128205,0.0
carry,C09,drift,4,0.35488316,0.28205128205128205,0.0
lgbm_clean,C09,drift,4,0.3494702,0.28205128205128205,0.0
lgbm_aug,C09,drift,4,0.27392504,0.15384615384615385,0.07692307692307693
gru_clean,C09,drift,4,0.3356612,0.2777777777777778,0.0
gru_aug,C09,drift,4,0.29237908,0.21367521367521367,0.0
transformer_clean,C09,drift,4,0.35027462,0.3034188034188034,0.0
transformer_aug,C09,drift,4,0.3117546,0.2222222222222222,0.0
ssm_clean,C09,drift,4,0.3538537,0.28205128205128205,0.0
ssm_aug,C09,drift,4,0.30724412,0.2222222222222222,0.0
chronos,C09,delay,1,0.018752351,0.008547008547008548,0.0
carry,C09,delay,1,0.018752351,0.008547008547008548,0.0
lgbm_clean,C09,delay,1,0.01881161,0.008547008547008548,0.0
lgbm_aug,C09,delay,1,0.024242222,0.01282051282051282,0.23076923076923078
gru_clean,C09,delay,1,0.019878583,0.01282051282051282,0.07692307692307693
gru_aug,C09,delay,1,0.029258385,0.017094017094017096,0.3076923076923077
transformer_clean,C09,delay,1,0.02060199,0.008547008547008548,0.0
transformer_aug,C09,delay,1,0.027781054,0.01282051282051282,0.07692307692307693
ssm_clean,C09,delay,1,0.019646147,0.008547008547008548,0.0
ssm_aug,C09,delay,1,0.026289932,0.021367521367521368,0.3076923076923077
chronos,C09,delay,2,0.0560001,0.02564102564102564,0.3076923076923077
carry,C09,delay,2,0.0560001,0.02564102564102564,0.3076923076923077
lgbm_clean,C09,delay,2,0.056040216,0.02564102564102564,0.3076923076923077
lgbm_aug,C09,delay,2,0.054140646,0.02564102564102564,0.46153846153846156
gru_clean,C09,delay,2,0.056573834,0.02564102564102564,0.3076923076923077
gru_aug,C09,delay,2,0.058498643,0.03418803418803419,0.46153846153846156
transformer_clean,C09,delay,2,0.05713903,0.02564102564102564,0.3076923076923077
transformer_aug,C09,delay,2,0.057737887,0.029914529914529916,0.38461538461538464
ssm_clean,C09,delay,2,0.056791045,0.02564102564102564,0.3076923076923077
ssm_aug,C09,delay,2,0.05711099,0.029914529914529916,0.38461538461538464
chronos,C09,delay,3,0.19968754,0.06837606837606838,0.6153846153846154
carry,C09,delay,3,0.19968754,0.06837606837606838,0.6153846153846154
lgbm_clean,C09,delay,3,0.19966839,0.06837606837606838,0.6153846153846154
lgbm_aug,C09,delay,3,0.17867927,0.05128205128205128,0.6923076923076923
gru_clean,C09,delay,3,0.19877648,0.06837606837606838,0.6153846153846154
gru_aug,C09,delay,3,0.18037392,0.05128205128205128,0.6153846153846154
transformer_clean,C09,delay,3,0.20253235,0.06837606837606838,0.6153846153846154
transformer_aug,C09,delay,3,0.18150969,0.05555555555555555,0.6153846153846154
ssm_clean,C09,delay,3,0.20129916,0.06837606837606838,0.6153846153846154
ssm_aug,C09,delay,3,0.1818945,0.05982905982905983,0.6153846153846154
chronos,C09,delay,4,0.29601353,0.1111111111111111,1.0
carry,C09,delay,4,0.29601353,0.1111111111111111,1.0
lgbm_clean,C09,delay,4,0.29583216,0.1111111111111111,1.0
lgbm_aug,C09,delay,4,0.2626926,0.06837606837606838,1.0
gru_clean,C09,delay,4,0.29373,0.1111111111111111,1.0
gru_aug,C09,delay,4,0.26109478,0.08547008547008547,1.0
transformer_clean,C09,delay,4,0.29861444,0.1111111111111111,1.0
transformer_aug,C09,delay,4,0.26363957,0.09829059829059829,1.0
ssm_clean,C09,delay,4,0.29789436,0.1111111111111111,1.0
ssm_aug,C09,delay,4,0.2644724,0.10683760683760683,1.0
chronos,C09,failure,1,0.03377564,0.008547008547008548,0.15384615384615385
carry,C09,failure,1,0.041107226,0.008547008547008548,0.15384615384615385
lgbm_clean,C09,failure,1,0.041281804,0.008547008547008548,0.15384615384615385
lgbm_aug,C09,failure,1,0.04255386,0.017094017094017096,0.3076923076923077
gru_clean,C09,failure,1,0.04935589,0.008547008547008548,0.15384615384615385
gru_aug,C09,failure,1,0.04827002,0.021367521367521368,0.38461538461538464
transformer_clean,C09,failure,1,0.049432397,0.008547008547008548,0.15384615384615385
transformer_aug,C09,failure,1,0.043989964,0.008547008547008548,0.15384615384615385
ssm_clean,C09,failure,1,0.05516872,0.008547008547008548,0.15384615384615385
ssm_aug,C09,failure,1,0.039024286,0.01282051282051282,0.23076923076923078
chronos,C09,failure,2,0.08754508,0.021367521367521368,0.38461538461538464
carry,C09,failure,2,0.102380686,0.021367521367521368,0.38461538461538464
lgbm_clean,C09,failure,2,0.102444105,0.021367521367521368,0.38461538461538464
lgbm_aug,C09,failure,2,0.07625753,0.029914529914529916,0.5384615384615384
gru_clean,C09,failure,2,0.091895826,0.021367521367521368,0.38461538461538464
gru_aug,C09,failure,2,0.0740554,0.03418803418803419,0.6153846153846154
transformer_clean,C09,failure,2,0.10173599,0.021367521367521368,0.38461538461538464
transformer_aug,C09,failure,2,0.07318482,0.021367521367521368,0.38461538461538464
ssm_clean,C09,failure,2,0.0960219,0.021367521367521368,0.38461538461538464
ssm_aug,C09,failure,2,0.075186476,0.02564102564102564,0.46153846153846156
chronos,C09,failure,3,0.13775049,0.03418803418803419,0.6153846153846154
carry,C09,failure,3,0.2207004,0.03418803418803419,0.6153846153846154
lgbm_clean,C09,failure,3,0.22058433,0.03418803418803419,0.6153846153846154
lgbm_aug,C09,failure,3,0.124074124,0.03418803418803419,0.6153846153846154
gru_clean,C09,failure,3,0.1778184,0.03418803418803419,0.6153846153846154
gru_aug,C09,failure,3,0.124313,0.038461538461538464,0.6923076923076923
transformer_clean,C09,failure,3,0.20979436,0.03418803418803419,0.6153846153846154
transformer_aug,C09,failure,3,0.12600511,0.03418803418803419,0.6153846153846154
ssm_clean,C09,failure,3,0.19349512,0.03418803418803419,0.6153846153846154
ssm_aug,C09,failure,3,0.13217367,0.03418803418803419,0.6153846153846154
chronos,C09,failure,4,0.21843979,0.05555555555555555,1.0
carry,C09,failure,4,0.21843979,0.05555555555555555,1.0
lgbm_clean,C09,failure,4,0.22086719,0.05555555555555555,1.0
lgbm_aug,C09,failure,4,0.17508389,0.05555555555555555,1.0
gru_clean,C09,failure,4,0.22356813,0.05555555555555555,1.0
gru_aug,C09,failure,4,0.15444277,0.05555555555555555,1.0
transformer_clean,C09,failure,4,0.21556368,0.05555555555555555,1.0
transformer_aug,C09,failure,4,0.15216114,0.05555555555555555,1.0
ssm_clean,C09,failure,4,0.22876634,0.05555555555555555,1.0
ssm_aug,C09,failure,4,0.16157798,0.05555555555555555,1.0
chronos,C09,stuck,1,0.041107226,0.008547008547008548,0.15384615384615385
carry,C09,stuck,1,0.041107226,0.008547008547008548,0.15384615384615385
lgbm_clean,C09,stuck,1,0.041275725,0.008547008547008548,0.15384615384615385
lgbm_aug,C09,stuck,1,0.050875608,0.017094017094017096,0.3076923076923077
gru_clean,C09,stuck,1,0.04320205,0.008547008547008548,0.15384615384615385
gru_aug,C09,stuck,1,0.055722702,0.021367521367521368,0.38461538461538464
transformer_clean,C09,stuck,1,0.046792217,0.008547008547008548,0.15384615384615385
transformer_aug,C09,stuck,1,0.05540716,0.008547008547008548,0.15384615384615385
ssm_clean,C09,stuck,1,0.044711202,0.008547008547008548,0.15384615384615385
ssm_aug,C09,stuck,1,0.053148806,0.01282051282051282,0.23076923076923078
chronos,C09,stuck,2,0.102380686,0.021367521367521368,0.38461538461538464
carry,C09,stuck,2,0.102380686,0.021367521367521368,0.38461538461538464
lgbm_clean,C09,stuck,2,0.1024607,0.021367521367521368,0.38461538461538464
lgbm_aug,C09,stuck,2,0.105850235,0.029914529914529916,0.5384615384615384
gru_clean,C09,stuck,2,0.1039118,0.021367521367521368,0.38461538461538464
gru_aug,C09,stuck,2,0.09866478,0.03418803418803419,0.6153846153846154
transformer_clean,C09,stuck,2,0.10666039,0.021367521367521368,0.38461538461538464
transformer_aug,C09,stuck,2,0.096482076,0.021367521367521368,0.38461538461538464
ssm_clean,C09,stuck,2,0.105230965,0.021367521367521368,0.38461538461538464
ssm_aug,C09,stuck,2,0.09369633,0.02564102564102564,0.46153846153846156
chronos,C09,stuck,3,0.2207004,0.03418803418803419,0.6153846153846154
carry,C09,stuck,3,0.2207004,0.03418803418803419,0.6153846153846154
lgbm_clean,C09,stuck,3,0.22063124,0.03418803418803419,0.6153846153846154
lgbm_aug,C09,stuck,3,0.21010736,0.03418803418803419,0.6153846153846154
gru_clean,C09,stuck,3,0.22063705,0.03418803418803419,0.6153846153846154
gru_aug,C09,stuck,3,0.19472098,0.038461538461538464,0.6923076923076923
transformer_clean,C09,stuck,3,0.22516212,0.03418803418803419,0.6153846153846154
transformer_aug,C09,stuck,3,0.19171362,0.03418803418803419,0.6153846153846154
ssm_clean,C09,stuck,3,0.2239018,0.03418803418803419,0.6153846153846154
ssm_aug,C09,stuck,3,0.18602581,0.03418803418803419,0.6153846153846154
chronos,C09,stuck,4,0.2331133,0.05555555555555555,1.0
carry,C09,stuck,4,0.2331133,0.05555555555555555,1.0
lgbm_clean,C09,stuck,4,0.23297863,0.05555555555555555,1.0
lgbm_aug,C09,stuck,4,0.21889167,0.05555555555555555,1.0
gru_clean,C09,stuck,4,0.2330938,0.05555555555555555,1.0
gru_aug,C09,stuck,4,0.20038451,0.05555555555555555,1.0
transformer_clean,C09,stuck,4,0.2325314,0.05555555555555555,1.0
transformer_aug,C09,stuck,4,0.19851284,0.05555555555555555,1.0
ssm_clean,C09,stuck,4,0.23326248,0.05555555555555555,1.0
ssm_aug,C09,stuck,4,0.19734386,0.05555555555555555,1.0
chronos,C10,none,0,3.8473017e-06,0.0,0.0
carry,C10,none,0,3.8473017e-06,0.0,0.0
lgbm_clean,C10,none,0,0.0004348592,0.0,0.0
lgbm_aug,C10,none,0,0.013596233,0.01282051282051282,0.42857142857142855
gru_clean,C10,none,0,0.0043579494,0.0,0.0
gru_aug,C10,none,0,0.019280849,0.01282051282051282,0.42857142857142855
transformer_clean,C10,none,0,0.0057677897,0.0,0.0
transformer_aug,C10,none,0,0.017329795,0.0,0.0
ssm_clean,C10,none,0,0.005342891,0.0,0.0
ssm_aug,C10,none,0,0.012790191,0.004273504273504274,0.14285714285714285
chronos,C10,noise,1,0.0066257543,0.004273504273504274,0.0
carry,C10,noise,1,0.0066257543,0.004273504273504274,0.0
lgbm_clean,C10,noise,1,0.0068655424,0.004273504273504274,0.0
lgbm_aug,C10,noise,1,0.016598139,0.01282051282051282,0.42857142857142855
gru_clean,C10,noise,1,0.01115217,0.008547008547008548,0.2857142857142857
gru_aug,C10,noise,1,0.022759853,0.01282051282051282,0.42857142857142855
transformer_clean,C10,noise,1,0.008760175,0.004273504273504274,0.0
transformer_aug,C10,noise,1,0.019870775,0.004273504273504274,0.14285714285714285
ssm_clean,C10,noise,1,0.008396051,0.004273504273504274,0.0
ssm_aug,C10,noise,1,0.016880687,0.01282051282051282,0.42857142857142855
chronos,C10,noise,2,0.014692698,0.008547008547008548,0.14285714285714285
carry,C10,noise,2,0.014692698,0.008547008547008548,0.14285714285714285
lgbm_clean,C10,noise,2,0.015243743,0.008547008547008548,0.14285714285714285
lgbm_aug,C10,noise,2,0.025263697,0.01282051282051282,0.42857142857142855
gru_clean,C10,noise,2,0.022955887,0.017094017094017096,0.5714285714285714
gru_aug,C10,noise,2,0.033124827,0.01282051282051282,0.42857142857142855
transformer_clean,C10,noise,2,0.01541167,0.008547008547008548,0.14285714285714285
transformer_aug,C10,noise,2,0.02702312,0.008547008547008548,0.2857142857142857
ssm_clean,C10,noise,2,0.015276444,0.008547008547008548,0.14285714285714285
ssm_aug,C10,noise,2,0.028617239,0.017094017094017096,0.5714285714285714
chronos,C10,noise,3,0.029284175,0.008547008547008548,0.14285714285714285
carry,C10,noise,3,0.029284175,0.008547008547008548,0.14285714285714285
lgbm_clean,C10,noise,3,0.028674997,0.01282051282051282,0.2857142857142857
lgbm_aug,C10,noise,3,0.045854,0.01282051282051282,0.42857142857142855
gru_clean,C10,noise,3,0.050460506,0.017094017094017096,0.5714285714285714
gru_aug,C10,noise,3,0.060400955,0.01282051282051282,0.42857142857142855
transformer_clean,C10,noise,3,0.028815897,0.008547008547008548,0.2857142857142857
transformer_aug,C10,noise,3,0.048129726,0.01282051282051282,0.42857142857142855
ssm_clean,C10,noise,3,0.029638372,0.008547008547008548,0.2857142857142857
ssm_aug,C10,noise,3,0.0574243,0.01282051282051282,0.42857142857142855
chronos,C10,noise,4,0.06371033,0.01282051282051282,0.2857142857142857
carry,C10,noise,4,0.06371033,0.01282051282051282,0.2857142857142857
lgbm_clean,C10,noise,4,0.066582754,0.01282051282051282,0.42857142857142855
lgbm_aug,C10,noise,4,0.07844597,0.02564102564102564,0.8571428571428571
gru_clean,C10,noise,4,0.09316081,0.029914529914529916,1.0
gru_aug,C10,noise,4,0.11353622,0.02564102564102564,0.8571428571428571
transformer_clean,C10,noise,4,0.06485973,0.01282051282051282,0.42857142857142855
transformer_aug,C10,noise,4,0.114760555,0.029914529914529916,1.0
ssm_clean,C10,noise,4,0.07038555,0.01282051282051282,0.42857142857142855
ssm_aug,C10,noise,4,0.10629566,0.02564102564102564,0.8571428571428571
chronos,C10,dropout,1,0.008591611,0.0,0.0
carry,C10,dropout,1,0.0098025985,0.0,0.0
lgbm_clean,C10,dropout,1,0.010105394,0.0,0.0
lgbm_aug,C10,dropout,1,0.022665203,0.01282051282051282,0.42857142857142855
gru_clean,C10,dropout,1,0.014668587,0.0,0.0
gru_aug,C10,dropout,1,0.027719172,0.01282051282051282,0.42857142857142855
transformer_clean,C10,dropout,1,0.014367486,0.0,0.0
transformer_aug,C10,dropout,1,0.024872413,0.0,0.0
ssm_clean,C10,dropout,1,0.014474886,0.0,0.0
ssm_aug,C10,dropout,1,0.020094912,0.004273504273504274,0.14285714285714285
chronos,C10,dropout,2,0.046139352,0.008547008547008548,0.2857142857142857
carry,C10,dropout,2,0.044603396,0.004273504273504274,0.14285714285714285
lgbm_clean,C10,dropout,2,0.04501025,0.004273504273504274,0.14285714285714285
lgbm_aug,C10,dropout,2,0.043305293,0.01282051282051282,0.42857142857142855
gru_clean,C10,dropout,2,0.046984076,0.004273504273504274,0.14285714285714285
gru_aug,C10,dropout,2,0.051545005,0.017094017094017096,0.5714285714285714
transformer_clean,C10,dropout,2,0.047386628,0.004273504273504274,0.14285714285714285
transformer_aug,C10,dropout,2,0.047793526,0.004273504273504274,0.14285714285714285
ssm_clean,C10,dropout,2,0.05182496,0.017094017094017096,0.14285714285714285
ssm_aug,C10,dropout,2,0.04532656,0.008547008547008548,0.2857142857142857
chronos,C10,dropout,3,0.057646286,0.021367521367521368,0.14285714285714285
carry,C10,dropout,3,0.05652359,0.01282051282051282,0.2857142857142857
lgbm_clean,C10,dropout,3,0.05677973,0.01282051282051282,0.2857142857142857
lgbm_aug,C10,dropout,3,0.051597074,0.017094017094017096,0.42857142857142855
gru_clean,C10,dropout,3,0.05501364,0.01282051282051282,0.2857142857142857
gru_aug,C10,dropout,3,0.056705117,0.017094017094017096,0.5714285714285714
transformer_clean,C10,dropout,3,0.056956805,0.008547008547008548,0.14285714285714285
transformer_aug,C10,dropout,3,0.05242222,0.017094017094017096,0.42857142857142855
ssm_clean,C10,dropout,3,0.064958654,0.017094017094017096,0.14285714285714285
ssm_aug,C10,dropout,3,0.04990907,0.01282051282051282,0.2857142857142857
chronos,C10,dropout,4,0.10028779,0.03418803418803419,0.42857142857142855
carry,C10,dropout,4,0.09596613,0.02564102564102564,0.42857142857142855
lgbm_clean,C10,dropout,4,0.09629033,0.02564102564102564,0.42857142857142855
lgbm_aug,C10,dropout,4,0.083982386,0.017094017094017096,0.5714285714285714
gru_clean,C10,dropout,4,0.09887829,0.03418803418803419,0.42857142857142855
gru_aug,C10,dropout,4,0.09270004,0.021367521367521368,0.5714285714285714
transformer_clean,C10,dropout,4,0.096550055,0.02564102564102564,0.2857142857142857
transformer_aug,C10,dropout,4,0.08599015,0.021367521367521368,0.2857142857142857
ssm_clean,C10,dropout,4,0.11064164,0.03418803418803419,0.2857142857142857
ssm_aug,C10,dropout,4,0.08292607,0.01282051282051282,0.42857142857142855
chronos,C10,drift,1,0.044359304,0.01282051282051282,0.0
carry,C10,drift,1,0.044359304,0.01282051282051282,0.0
lgbm_clean,C10,drift,1,0.04439478,0.01282051282051282,0.0
lgbm_aug,C10,drift,1,0.04428989,0.01282051282051282,0.14285714285714285
gru_clean,C10,drift,1,0.045096356,0.01282051282051282,0.0
gru_aug,C10,drift,1,0.04465576,0.004273504273504274,0.0
transformer_clean,C10,drift,1,0.043569338,0.017094017094017096,0.0
transformer_aug,C10,drift,1,0.04598308,0.01282051282051282,0.0
ssm_clean,C10,drift,1,0.043225165,0.017094017094017096,0.0
ssm_aug,C10,drift,1,0.04410892,0.01282051282051282,0.0
chronos,C10,drift,2,0.088719666,0.02564102564102564,0.0
carry,C10,drift,2,0.088719666,0.02564102564102564,0.0
lgbm_clean,C10,drift,2,0.08871,0.02564102564102564,0.0
lgbm_aug,C10,drift,2,0.08415572,0.021367521367521368,0.14285714285714285
gru_clean,C10,drift,2,0.08855068,0.02564102564102564,0.0
gru_aug,C10,drift,2,0.08303841,0.01282051282051282,0.0
transformer_clean,C10,drift,2,0.08767811,0.02564102564102564,0.0
transformer_aug,C10,drift,2,0.08525943,0.02564102564102564,0.0
ssm_clean,C10,drift,2,0.08806033,0.02564102564102564,0.0
ssm_aug,C10,drift,2,0.085339636,0.02564102564102564,0.0
chronos,C10,drift,3,0.17744042,0.038461538461538464,0.0
carry,C10,drift,3,0.17744042,0.038461538461538464,0.0
lgbm_clean,C10,drift,3,0.17714638,0.038461538461538464,0.0
lgbm_aug,C10,drift,3,0.16298504,0.03418803418803419,0.0
gru_clean,C10,drift,3,0.17544718,0.038461538461538464,0.0
gru_aug,C10,drift,3,0.16207121,0.029914529914529916,0.0
transformer_clean,C10,drift,3,0.17587747,0.042735042735042736,0.0
transformer_aug,C10,drift,3,0.16585189,0.038461538461538464,0.0
ssm_clean,C10,drift,3,0.17767835,0.038461538461538464,0.0
ssm_aug,C10,drift,3,0.16778253,0.03418803418803419,0.0
chronos,C10,drift,4,0.35488173,0.15384615384615385,0.0
carry,C10,drift,4,0.35488173,0.15384615384615385,0.0
lgbm_clean,C10,drift,4,0.3526498,0.15384615384615385,0.0
lgbm_aug,C10,drift,4,0.31264308,0.12393162393162394,0.0
gru_clean,C10,drift,4,0.34522533,0.13675213675213677,0.0
gru_aug,C10,drift,4,0.31536767,0.1111111111111111,0.0
transformer_clean,C10,drift,4,0.34975004,0.1581196581196581,0.0
transformer_aug,C10,drift,4,0.32279548,0.12393162393162394,0.0
ssm_clean,C10,drift,4,0.35472915,0.1581196581196581,0.0
ssm_aug,C10,drift,4,0.3259077,0.1282051282051282,0.0
chronos,C10,delay,1,0.023260117,0.008547008547008548,0.2857142857142857
carry,C10,delay,1,0.023260117,0.008547008547008548,0.2857142857142857
lgbm_clean,C10,delay,1,0.023295866,0.008547008547008548,0.2857142857142857
lgbm_aug,C10,delay,1,0.027201515,0.01282051282051282,0.42857142857142855
gru_clean,C10,delay,1,0.025117531,0.008547008547008548,0.2857142857142857
gru_aug,C10,delay,1,0.029232059,0.008547008547008548,0.2857142857142857
transformer_clean,C10,delay,1,0.024142403,0.004273504273504274,0.14285714285714285
transformer_aug,C10,delay,1,0.027958943,0.008547008547008548,0.2857142857142857
ssm_clean,C10,delay,1,0.024536034,0.0,0.0
ssm_aug,C10,delay,1,0.023164129,0.008547008547008548,0.2857142857142857
chronos,C10,delay,2,0.06804008,0.01282051282051282,0.2857142857142857
carry,C10,delay,2,0.06804008,0.01282051282051282,0.2857142857142857
lgbm_clean,C10,delay,2,0.067999035,0.01282051282051282,0.2857142857142857
lgbm_aug,C10,delay,2,0.06578986,0.008547008547008548,0.2857142857142857
gru_clean,C10,delay,2,0.06838852,0.008547008547008548,0.2857142857142857
gru_aug,C10,delay,2,0.06596498,0.01282051282051282,0.42857142857142855
transformer_clean,C10,delay,2,0.06798472,0.01282051282051282,0.2857142857142857
transformer_aug,C10,delay,2,0.06709151,0.01282051282051282,0.42857142857142855
ssm_clean,C10,delay,2,0.06858682,0.01282051282051282,0.2857142857142857
ssm_aug,C10,delay,2,0.06361169,0.008547008547008548,0.2857142857142857
chronos,C10,delay,3,0.2096271,0.05128205128205128,0.8571428571428571
carry,C10,delay,3,0.2096271,0.05128205128205128,0.8571428571428571
lgbm_clean,C10,delay,3,0.2094075,0.05128205128205128,0.8571428571428571
lgbm_aug,C10,delay,3,0.19327165,0.038461538461538464,0.8571428571428571
gru_clean,C10,delay,3,0.20703967,0.042735042735042736,0.8571428571428571
gru_aug,C10,delay,3,0.19383201,0.03418803418803419,0.8571428571428571
transformer_clean,C10,delay,3,0.20865348,0.05128205128205128,0.8571428571428571
transformer_aug,C10,delay,3,0.19727692,0.038461538461538464,0.8571428571428571
ssm_clean,C10,delay,3,0.21089993,0.05128205128205128,0.8571428571428571
ssm_aug,C10,delay,3,0.19863524,0.038461538461538464,0.8571428571428571
chronos,C10,delay,4,0.27065408,0.05982905982905983,1.0
carry,C10,delay,4,0.27065408,0.05982905982905983,1.0
lgbm_clean,C10,delay,4,0.270407,0.05982905982905983,1.0
lgbm_aug,C10,delay,4,0.24937905,0.042735042735042736,1.0
gru_clean,C10,delay,4,0.26766247,0.05982905982905983,1.0
gru_aug,C10,delay,4,0.25403085,0.042735042735042736,1.0
transformer_clean,C10,delay,4,0.2698986,0.0641025641025641,1.0
transformer_aug,C10,delay,4,0.25454986,0.05128205128205128,1.0
ssm_clean,C10,delay,4,0.27150783,0.0641025641025641,1.0
ssm_aug,C10,delay,4,0.25812632,0.05128205128205128,1.0
chronos,C10,failure,1,0.020896895,0.0,0.0
carry,C10,failure,1,0.026171578,0.0,0.0
lgbm_clean,C10,failure,1,0.0265537,0.0,0.0
lgbm_aug,C10,failure,1,0.029268118,0.01282051282051282,0.42857142857142855
gru_clean,C10,failure,1,0.029977228,0.0,0.0
gru_aug,C10,failure,1,0.04221766,0.01282051282051282,0.42857142857142855
transformer_clean,C10,failure,1,0.03090151,0.0,0.0
transformer_aug,C10,failure,1,0.039545484,0.0,0.0
ssm_clean,C10,failure,1,0.030443208,0.0,0.0
ssm_aug,C10,failure,1,0.032708716,0.004273504273504274,0.14285714285714285
chronos,C10,failure,2,0.06871393,0.01282051282051282,0.42857142857142855
carry,C10,failure,2,0.070274904,0.01282051282051282,0.42857142857142855
lgbm_clean,C10,failure,2,0.07057477,0.01282051282051282,0.42857142857142855
lgbm_aug,C10,failure,2,0.07213182,0.021367521367521368,0.7142857142857143
gru_clean,C10,failure,2,0.082654744,0.01282051282051282,0.42857142857142855
gru_aug,C10,failure,2,0.08739555,0.021367521367521368,0.7142857142857143
transformer_clean,C10,failure,2,0.07495349,0.01282051282051282,0.42857142857142855
transformer_aug,C10,failure,2,0.07899599,0.01282051282051282,0.42857142857142855
ssm_clean,C10,failure,2,0.08095692,0.01282051282051282,0.42857142857142855
ssm_aug,C10,failure,2,0.06867856,0.017094017094017096,0.5714285714285714
chronos,C10,failure,3,0.16424374,0.021367521367521368,0.7142857142857143
carry,C10,failure,3,0.31155714,0.021367521367521368,0.7142857142857143
lgbm_clean,C10,failure,3,0.31101134,0.021367521367521368,0.7142857142857143
lgbm_aug,C10,failure,3,0.2340263,0.02564102564102564,0.8571428571428571
gru_clean,C10,failure,3,0.23742779,0.021367521367521368,0.7142857142857143
gru_aug,C10,failure,3,0.14167456,0.02564102564102564,0.8571428571428571
transformer_clean,C10,failure,3,0.29947552,0.021367521367521368,0.7142857142857143
transformer_aug,C10,failure,3,0.16092578,0.021367521367521368,0.7142857142857143
ssm_clean,C10,failure,3,0.30538446,0.021367521367521368,0.7142857142857143
ssm_aug,C10,failure,3,0.14825062,0.021367521367521368,0.7142857142857143
chronos,C10,failure,4,0.2489071,0.029914529914529916,1.0
carry,C10,failure,4,0.2489071,0.029914529914529916,1.0
lgbm_clean,C10,failure,4,0.24297538,0.029914529914529916,1.0
lgbm_aug,C10,failure,4,0.19727135,0.029914529914529916,1.0
gru_clean,C10,failure,4,0.30454516,0.029914529914529916,1.0
gru_aug,C10,failure,4,0.24348775,0.029914529914529916,1.0
transformer_clean,C10,failure,4,0.26348794,0.029914529914529916,1.0
transformer_aug,C10,failure,4,0.19957787,0.029914529914529916,1.0
ssm_clean,C10,failure,4,0.3168953,0.029914529914529916,1.0
ssm_aug,C10,failure,4,0.18662606,0.029914529914529916,1.0
chronos,C10,stuck,1,0.026171578,0.0,0.0
carry,C10,stuck,1,0.026171578,0.0,0.0
lgbm_clean,C10,stuck,1,0.026555281,0.0,0.0
lgbm_aug,C10,stuck,1,0.036840912,0.01282051282051282,0.42857142857142855
gru_clean,C10,stuck,1,0.030135343,0.0,0.0
gru_aug,C10,stuck,1,0.041439984,0.01282051282051282,0.42857142857142855
transformer_clean,C10,stuck,1,0.031106753,0.0,0.0
transformer_aug,C10,stuck,1,0.040049918,0.0,0.0
ssm_clean,C10,stuck,1,0.030898623,0.0,0.0
ssm_aug,C10,stuck,1,0.036063153,0.004273504273504274,0.14285714285714285
chronos,C10,stuck,2,0.070274904,0.01282051282051282,0.42857142857142855
carry,C10,stuck,2,0.070274904,0.01282051282051282,0.42857142857142855
lgbm_clean,C10,stuck,2,0.07057699,0.01282051282051282,0.42857142857142855
lgbm_aug,C10,stuck,2,0.07703341,0.021367521367521368,0.7142857142857143
gru_clean,C10,stuck,2,0.07365404,0.01282051282051282,0.42857142857142855
gru_aug,C10,stuck,2,0.081688724,0.021367521367521368,0.7142857142857143
transformer_clean,C10,stuck,2,0.07395728,0.01282051282051282,0.42857142857142855
transformer_aug,C10,stuck,2,0.080406904,0.01282051282051282,0.42857142857142855
ssm_clean,C10,stuck,2,0.07381912,0.01282051282051282,0.42857142857142855
ssm_aug,C10,stuck,2,0.0777522,0.017094017094017096,0.5714285714285714
chronos,C10,stuck,3,0.31155714,0.021367521367521368,0.7142857142857143
carry,C10,stuck,3,0.31155714,0.021367521367521368,0.7142857142857143
lgbm_clean,C10,stuck,3,0.31106347,0.021367521367521368,0.7142857142857143
lgbm_aug,C10,stuck,3,0.28091738,0.02564102564102564,0.8571428571428571
gru_clean,C10,stuck,3,0.30671373,0.021367521367521368,0.7142857142857143
gru_aug,C10,stuck,3,0.28968844,0.02564102564102564,0.8571428571428571
transformer_clean,C10,stuck,3,0.31274226,0.021367521367521368,0.7142857142857143
transformer_aug,C10,stuck,3,0.2975342,0.021367521367521368,0.7142857142857143
ssm_clean,C10,stuck,3,0.3181125,0.021367521367521368,0.7142857142857143
ssm_aug,C10,stuck,3,0.29542032,0.021367521367521368,0.7142857142857143
chronos,C10,stuck,4,0.34220186,0.029914529914529916,1.0
carry,C10,stuck,4,0.34220186,0.029914529914529916,1.0
lgbm_clean,C10,stuck,4,0.3412924,0.029914529914529916,1.0
lgbm_aug,C10,stuck,4,0.30197313,0.029914529914529916,1.0
gru_clean,C10,stuck,4,0.34077004,0.029914529914529916,1.0
gru_aug,C10,stuck,4,0.3198448,0.029914529914529916,1.0
transformer_clean,C10,stuck,4,0.34664655,0.029914529914529916,1.0
transformer_aug,C10,stuck,4,0.32088685,0.029914529914529916,1.0
ssm_clean,C10,stuck,4,0.3476496,0.029914529914529916,1.0
ssm_aug,C10,stuck,4,0.32193306,0.029914529914529916,1.0
